timestamp,store_name,rating,review
2025-10-14 13:51:11.760637,아메리카요가 건대점,5,좋아요
2025-10-14 13:53:35.845585,건강사우나,2,좀별로인듯
2025-10-14 13:53:47.989323,에스프레소 바 시 자양점,5,커피 마시따
2025-10-14 13:53:57.815892,솔방울,5,술 냠냠
2025-10-14 13:54:07.347903,CHOP헤어 건대로데오점,5,머리 굿
2025-10-14 13:54:17.274363,건대사시미,5,여긴 진짜맛있음 ㅋㅋ
2025-10-14 13:54:29.290985,돕감자탕전문점,5,여기도 진짜 맛있음 ㅋㅋ 
2025-10-14 13:54:53.204905,육회한연어 건대점,2,여긴 좀 별로
2025-10-14 13:56:31.690480,돕감자탕전문점,5,여긴 또 가고싶네요
2025-10-14 13:56:43.943104,돕감자탕전문점,2,제휴 음료수 하나 주는 거 좀 짜치는듯?
2025-10-21 17:05:53.561730,신통치킨 건대점,4,가성비 좋아요 제휴로 황도 줍니다.
2025-10-21 17:06:14.917442,주먹구구,5,맛있어요
2025-11-13 15:33:29.944883,원조자양감자탕,4,맛은 있는데 비쌈
2025-11-14 11:54:33.788318,냥토피아 건대본점,5,알바가 이뻐요
2025-11-14 11:54:49.504218,무드림 베이커리 카페 건대점,3,맛있는데 너무 달아요
2025-11-14 11:55:02.185852,엔젤리너스커피 건대역점,5,매장이 커서 좋아요
2025-11-14 11:55:17.796954,콩카페 서울건대점,5,두리안 최고야
2025-11-14 11:55:37.976908,카페인모아,5,이렇게 팔면 뭐가 남아요??
2025-11-14 11:55:52.982690,카페 카리타스,5,대학원생들도 챙겨주시다니 흑흑
2025-11-14 11:56:16.244190,엑스엑스커피메이커 건국대점,5,후문에서 여기가 제일 맛있음
2025-11-14 11:56:22.251150,냥토피아 건대본점,5,
2025-11-14 11:56:24.931166,냥토피아 건대본점,3,
2025-11-14 11:56:27.647194,냥토피아 건대본점,4,
2025-11-14 11:56:29.761609,냥토피아 건대본점,4,
2025-11-14 11:56:32.764010,냥토피아 건대본점,5,
2025-11-14 11:56:34.848779,냥토피아 건대본점,5,
2025-11-14 11:56:39.005156,콩카페 서울건대점,5,
2025-11-14 11:56:40.964639,콩카페 서울건대점,5,
2025-11-14 11:56:42.870583,콩카페 서울건대점,4,
2025-11-14 11:56:44.821872,콩카페 서울건대점,4,
2025-11-14 11:56:48.278162,콩카페 서울건대점,5,
2025-11-14 11:56:53.299927,카페 카리타스,5,
2025-11-14 11:56:55.259223,카페 카리타스,5,
2025-11-14 11:56:57.215530,카페 카리타스,5,
2025-11-14 11:56:59.136072,카페 카리타스,5,
2025-11-14 11:57:01.094511,카페 카리타스,5,
2025-11-14 11:57:02.991519,카페 카리타스,5,
2025-11-14 11:57:04.886337,카페 카리타스,5,
2025-11-14 11:57:06.668921,카페 카리타스,5,
2025-11-14 11:57:08.610567,카페 카리타스,5,
2025-11-14 11:57:11.046344,카페 카리타스,4,
2025-11-14 11:57:15.164576,콩카페 서울건대점,1,
2025-11-14 11:57:18.036902,콩카페 서울건대점,3,
2025-11-14 11:57:19.862233,콩카페 서울건대점,4,
2025-11-14 11:57:23.595672,엔젤리너스커피 건대역점,5,
2025-11-14 11:57:25.925692,엔젤리너스커피 건대역점,4,
2025-11-21 20:35:31.000000,샤인휘트니스 어린이대공원역점,5,혜택 적용 잘 받았어요
2025-11-21 20:35:31.000001,샤인휘트니스 어린이대공원역점,4,가성비 최고
2025-11-21 20:35:31.000002,샤인휘트니스 어린이대공원역점,5,매우 만족합니다.
2025-11-21 20:35:31.000003,샤인휘트니스 어린이대공원역점,5,사장님 친절해요
2025-11-21 20:35:31.000004,샤인휘트니스 어린이대공원역점,4,또 오고 싶어요
2025-11-21 20:35:31.000005,샤인휘트니스 어린이대공원역점,5,서비스 굿
2025-11-21 20:35:31.000006,샤인휘트니스 어린이대공원역점,5,자주 방문할게요
2025-11-21 20:35:31.000007,샤인휘트니스 어린이대공원역점,4,평범했어요
2025-11-21 20:35:31.000008,샤인휘트니스 어린이대공원역점,5,혜택 적용 잘 받았어요
2025-11-21 20:35:31.000009,샤인휘트니스 어린이대공원역점,5,가성비 최고
2025-11-21 20:35:31.000010,샤인휘트니스 어린이대공원역점,4,매우 만족합니다.
2025-11-21 20:35:31.000011,샤인휘트니스 어린이대공원역점,5,사장님 친절해요
2025-11-21 20:35:31.000012,샤인휘트니스 어린이대공원역점,5,또 오고 싶어요
2025-11-21 20:35:31.000013,샤인휘트니스 어린이대공원역점,4,서비스 굿
2025-11-21 20:35:31.000014,샤인휘트니스 어린이대공원역점,5,자주 방문할게요
2025-11-21 20:35:31.000015,건강사우나,5,혜택 적용 잘 받았어요
2025-11-21 20:35:31.000016,건강사우나,4,가성비 최고
2025-11-21 20:35:31.000017,건강사우나,5,매우 만족합니다.
2025-11-21 20:35:31.000018,건강사우나,5,사장님 친절해요
2025-11-21 20:35:31.000019,건강사우나,4,또 오고 싶어요
2025-11-21 20:35:31.000020,건강사우나,5,서비스 굿
2025-11-21 20:35:31.000021,건강사우나,5,자주 방문할게요
2025-11-21 20:35:31.000022,건강사우나,4,평범했어요
2025-11-21 20:35:31.000023,건강사우나,5,혜택 적용 잘 받았어요
2025-11-21 20:35:31.000024,건강사우나,5,가성비 최고
2025-11-21 20:35:31.000025,건강사우나,4,매우 만족합니다.
2025-11-21 20:35:31.000026,건강사우나,5,사장님 친절해요
2025-11-21 20:35:31.000027,건강사우나,5,또 오고 싶어요
2025-11-21 20:35:31.000028,건강사우나,4,서비스 굿
2025-11-21 20:35:31.000029,건강사우나,5,자주 방문할게요
2025-11-21 20:35:31.000030,맥스토탈 휘트니스 건대점,5,혜택 적용 잘 받았어요
2025-11-21 20:35:31.000031,맥스토탈 휘트니스 건대점,4,가성비 최고
2025-11-21 20:35:31.000032,맥스토탈 휘트니스 건대점,5,매우 만족합니다.
2025-11-21 20:35:31.000033,맥스토탈 휘트니스 건대점,5,사장님 친절해요
2025-11-21 20:35:31.000034,맥스토탈 휘트니스 건대점,4,또 오고 싶어요
2025-11-21 20:35:31.000035,맥스토탈 휘트니스 건대점,5,서비스 굿
2025-11-21 20:35:31.000036,맥스토탈 휘트니스 건대점,5,자주 방문할게요
2025-11-21 20:35:31.000037,맥스토탈 휘트니스 건대점,4,평범했어요
2025-11-21 20:35:31.000038,맥스토탈 휘트니스 건대점,5,혜택 적용 잘 받았어요
2025-11-21 20:35:31.000039,맥스토탈 휘트니스 건대점,5,가성비 최고
2025-11-21 20:35:31.000040,맥스토탈 휘트니스 건대점,4,매우 만족합니다.
2025-11-21 20:35:31.000041,맥스토탈 휘트니스 건대점,5,사장님 친절해요
2025-11-21 20:35:31.000042,맥스토탈 휘트니스 건대점,5,또 오고 싶어요
2025-11-21 20:35:31.000043,맥스토탈 휘트니스 건대점,4,서비스 굿
2025-11-21 20:35:31.000044,맥스토탈 휘트니스 건대점,5,자주 방문할게요
2025-11-21 20:35:31.000045,비취보석사우나,5,혜택 적용 잘 받았어요
2025-11-21 20:35:31.000046,비취보석사우나,4,가성비 최고
2025-11-21 20:35:31.000047,비취보석사우나,5,매우 만족합니다.
2025-11-21 20:35:31.000048,비취보석사우나,5,사장님 친절해요
2025-11-21 20:35:31.000049,비취보석사우나,4,또 오고 싶어요
2025-11-21 20:35:31.000050,비취보석사우나,5,서비스 굿
2025-11-21 20:35:31.000051,비취보석사우나,5,자주 방문할게요
2025-11-21 20:35:31.000052,비취보석사우나,4,평범했어요
2025-11-21 20:35:31.000053,비취보석사우나,5,혜택 적용 잘 받았어요
2025-11-21 20:35:31.000054,비취보석사우나,5,가성비 최고
2025-11-21 20:35:31.000055,비취보석사우나,4,매우 만족합니다.
2025-11-21 20:35:31.000056,비취보석사우나,5,사장님 친절해요
2025-11-21 20:35:31.000057,비취보석사우나,5,또 오고 싶어요
2025-11-21 20:35:31.000058,비취보석사우나,4,서비스 굿
2025-11-21 20:35:31.000059,비취보석사우나,5,자주 방문할게요
2025-11-21 20:35:31.000060,아메리카요가 건대점,4,가성비 최고
2025-11-21 20:35:31.000061,아메리카요가 건대점,5,매우 만족합니다.
2025-11-21 20:35:31.000062,아메리카요가 건대점,5,사장님 친절해요
2025-11-21 20:35:31.000063,아메리카요가 건대점,4,또 오고 싶어요
2025-11-21 20:35:31.000064,아메리카요가 건대점,5,서비스 굿
2025-11-21 20:35:31.000065,아메리카요가 건대점,5,자주 방문할게요
2025-11-21 20:35:31.000066,아메리카요가 건대점,4,평범했어요
2025-11-21 20:35:31.000067,아메리카요가 건대점,5,혜택 적용 잘 받았어요
2025-11-21 20:35:31.000068,아메리카요가 건대점,5,가성비 최고
2025-11-21 20:35:31.000069,아메리카요가 건대점,4,매우 만족합니다.
2025-11-21 20:35:31.000070,아메리카요가 건대점,5,사장님 친절해요
2025-11-21 20:35:31.000071,아메리카요가 건대점,5,또 오고 싶어요
2025-11-21 20:35:31.000072,아메리카요가 건대점,4,서비스 굿
2025-11-21 20:35:31.000073,아메리카요가 건대점,5,자주 방문할게요
2025-11-21 20:35:31.000074,어게인짐 건대입구역점,5,혜택 적용 잘 받았어요
2025-11-21 20:35:31.000075,어게인짐 건대입구역점,4,가성비 최고
2025-11-21 20:35:31.000076,어게인짐 건대입구역점,5,매우 만족합니다.
2025-11-21 20:35:31.000077,어게인짐 건대입구역점,5,사장님 친절해요
2025-11-21 20:35:31.000078,어게인짐 건대입구역점,4,또 오고 싶어요
2025-11-21 20:35:31.000079,어게인짐 건대입구역점,5,서비스 굿
2025-11-21 20:35:31.000080,어게인짐 건대입구역점,5,자주 방문할게요
2025-11-21 20:35:31.000081,어게인짐 건대입구역점,4,평범했어요
2025-11-21 20:35:31.000082,어게인짐 건대입구역점,5,혜택 적용 잘 받았어요
2025-11-21 20:35:31.000083,어게인짐 건대입구역점,5,가성비 최고
2025-11-21 20:35:31.000084,어게인짐 건대입구역점,4,매우 만족합니다.
2025-11-21 20:35:31.000085,어게인짐 건대입구역점,5,사장님 친절해요
2025-11-21 20:35:31.000086,어게인짐 건대입구역점,5,또 오고 싶어요
2025-11-21 20:35:31.000087,어게인짐 건대입구역점,4,서비스 굿
2025-11-21 20:35:31.000088,어게인짐 건대입구역점,5,자주 방문할게요
2025-11-21 20:35:31.000089,에이블짐 건대입구역점,5,혜택 적용 잘 받았어요
2025-11-21 20:35:31.000090,에이블짐 건대입구역점,4,가성비 최고
2025-11-21 20:35:31.000091,에이블짐 건대입구역점,5,매우 만족합니다.
2025-11-21 20:35:31.000092,에이블짐 건대입구역점,5,사장님 친절해요
2025-11-21 20:35:31.000093,에이블짐 건대입구역점,4,또 오고 싶어요
2025-11-21 20:35:31.000094,에이블짐 건대입구역점,5,서비스 굿
2025-11-21 20:35:31.000095,에이블짐 건대입구역점,5,자주 방문할게요
2025-11-21 20:35:31.000096,에이블짐 건대입구역점,4,평범했어요
2025-11-21 20:35:31.000097,에이블짐 건대입구역점,5,혜택 적용 잘 받았어요
2025-11-21 20:35:31.000098,에이블짐 건대입구역점,5,가성비 최고
2025-11-21 20:35:31.000099,에이블짐 건대입구역점,4,매우 만족합니다.
2025-11-21 20:35:31.000100,에이블짐 건대입구역점,5,사장님 친절해요
2025-11-21 20:35:31.000101,에이블짐 건대입구역점,5,또 오고 싶어요
2025-11-21 20:35:31.000102,에이블짐 건대입구역점,4,서비스 굿
2025-11-21 20:35:31.000103,에이블짐 건대입구역점,5,자주 방문할게요
2025-11-21 20:35:31.000104,이브필라테스 건대프리미엄점,5,혜택 적용 잘 받았어요
2025-11-21 20:35:31.000105,이브필라테스 건대프리미엄점,4,가성비 최고
2025-11-21 20:35:31.000106,이브필라테스 건대프리미엄점,5,매우 만족합니다.
2025-11-21 20:35:31.000107,이브필라테스 건대프리미엄점,5,사장님 친절해요
2025-11-21 20:35:31.000108,이브필라테스 건대프리미엄점,4,또 오고 싶어요
2025-11-21 20:35:31.000109,이브필라테스 건대프리미엄점,5,서비스 굿
2025-11-21 20:35:31.000110,이브필라테스 건대프리미엄점,5,자주 방문할게요
2025-11-21 20:35:31.000111,이브필라테스 건대프리미엄점,4,평범했어요
2025-11-21 20:35:31.000112,이브필라테스 건대프리미엄점,5,혜택 적용 잘 받았어요
2025-11-21 20:35:31.000113,이브필라테스 건대프리미엄점,5,가성비 최고
2025-11-21 20:35:31.000114,이브필라테스 건대프리미엄점,4,매우 만족합니다.
2025-11-21 20:35:31.000115,이브필라테스 건대프리미엄점,5,사장님 친절해요
2025-11-21 20:35:31.000116,이브필라테스 건대프리미엄점,5,또 오고 싶어요
2025-11-21 20:35:31.000117,이브필라테스 건대프리미엄점,4,서비스 굿
2025-11-21 20:35:31.000118,이브필라테스 건대프리미엄점,5,자주 방문할게요
2025-11-21 20:35:31.000119,휘트니스 캐리스타,5,혜택 적용 잘 받았어요
2025-11-21 20:35:31.000120,휘트니스 캐리스타,4,가성비 최고
2025-11-21 20:35:31.000121,휘트니스 캐리스타,5,매우 만족합니다.
2025-11-21 20:35:31.000122,휘트니스 캐리스타,5,사장님 친절해요
2025-11-21 20:35:31.000123,휘트니스 캐리스타,4,또 오고 싶어요
2025-11-21 20:35:31.000124,휘트니스 캐리스타,5,서비스 굿
2025-11-21 20:35:31.000125,휘트니스 캐리스타,5,자주 방문할게요
2025-11-21 20:35:31.000126,휘트니스 캐리스타,4,평범했어요
2025-11-21 20:35:31.000127,휘트니스 캐리스타,5,혜택 적용 잘 받았어요
2025-11-21 20:35:31.000128,휘트니스 캐리스타,5,가성비 최고
2025-11-21 20:35:31.000129,휘트니스 캐리스타,4,매우 만족합니다.
2025-11-21 20:35:31.000130,휘트니스 캐리스타,5,사장님 친절해요
2025-11-21 20:35:31.000131,휘트니스 캐리스타,5,또 오고 싶어요
2025-11-21 20:35:31.000132,휘트니스 캐리스타,4,서비스 굿
2025-11-21 20:35:31.000133,휘트니스 캐리스타,5,자주 방문할게요
2025-11-21 20:35:31.000134,로젠필라테스 구의점,5,혜택 적용 잘 받았어요
2025-11-21 20:35:31.000135,로젠필라테스 구의점,4,가성비 최고
2025-11-21 20:35:31.000136,로젠필라테스 구의점,5,매우 만족합니다.
2025-11-21 20:35:31.000137,로젠필라테스 구의점,5,사장님 친절해요
2025-11-21 20:35:31.000138,로젠필라테스 구의점,4,또 오고 싶어요
2025-11-21 20:35:31.000139,로젠필라테스 구의점,5,서비스 굿
2025-11-21 20:35:31.000140,로젠필라테스 구의점,5,자주 방문할게요
2025-11-21 20:35:31.000141,로젠필라테스 구의점,4,평범했어요
2025-11-21 20:35:31.000142,로젠필라테스 구의점,5,혜택 적용 잘 받았어요
2025-11-21 20:35:31.000143,로젠필라테스 구의점,5,가성비 최고
2025-11-21 20:35:31.000144,로젠필라테스 구의점,4,매우 만족합니다.
2025-11-21 20:35:31.000145,로젠필라테스 구의점,5,사장님 친절해요
2025-11-21 20:35:31.000146,로젠필라테스 구의점,5,또 오고 싶어요
2025-11-21 20:35:31.000147,로젠필라테스 구의점,4,서비스 굿
2025-11-21 20:35:31.000148,로젠필라테스 구의점,5,자주 방문할게요
2025-11-21 20:35:31.000149,필라테스 휘티니스베이,5,혜택 적용 잘 받았어요
2025-11-21 20:35:31.000150,필라테스 휘티니스베이,4,가성비 최고
2025-11-21 20:35:31.000151,필라테스 휘티니스베이,5,매우 만족합니다.
2025-11-21 20:35:31.000152,필라테스 휘티니스베이,5,사장님 친절해요
2025-11-21 20:35:31.000153,필라테스 휘티니스베이,4,또 오고 싶어요
2025-11-21 20:35:31.000154,필라테스 휘티니스베이,5,서비스 굿
2025-11-21 20:35:31.000155,필라테스 휘티니스베이,5,자주 방문할게요
2025-11-21 20:35:31.000156,필라테스 휘티니스베이,4,평범했어요
2025-11-21 20:35:31.000157,필라테스 휘티니스베이,5,혜택 적용 잘 받았어요
2025-11-21 20:35:31.000158,필라테스 휘티니스베이,5,가성비 최고
2025-11-21 20:35:31.000159,필라테스 휘티니스베이,4,매우 만족합니다.
2025-11-21 20:35:31.000160,필라테스 휘티니스베이,5,사장님 친절해요
2025-11-21 20:35:31.000161,필라테스 휘티니스베이,5,또 오고 싶어요
2025-11-21 20:35:31.000162,필라테스 휘티니스베이,4,서비스 굿
2025-11-21 20:35:31.000163,필라테스 휘티니스베이,5,자주 방문할게요
2025-11-21 20:35:31.000164,필라테스 필라베이 휘트니스,5,혜택 적용 잘 받았어요
2025-11-21 20:35:31.000165,필라테스 필라베이 휘트니스,4,가성비 최고
2025-11-21 20:35:31.000166,필라테스 필라베이 휘트니스,5,매우 만족합니다.
2025-11-21 20:35:31.000167,필라테스 필라베이 휘트니스,5,사장님 친절해요
2025-11-21 20:35:31.000168,필라테스 필라베이 휘트니스,4,또 오고 싶어요
2025-11-21 20:35:31.000169,필라테스 필라베이 휘트니스,5,서비스 굿
2025-11-21 20:35:31.000170,필라테스 필라베이 휘트니스,5,자주 방문할게요
2025-11-21 20:35:31.000171,필라테스 필라베이 휘트니스,4,평범했어요
2025-11-21 20:35:31.000172,필라테스 필라베이 휘트니스,5,혜택 적용 잘 받았어요
2025-11-21 20:35:31.000173,필라테스 필라베이 휘트니스,5,가성비 최고
2025-11-21 20:35:31.000174,필라테스 필라베이 휘트니스,4,매우 만족합니다.
2025-11-21 20:35:31.000175,필라테스 필라베이 휘트니스,5,사장님 친절해요
2025-11-21 20:35:31.000176,필라테스 필라베이 휘트니스,5,또 오고 싶어요
2025-11-21 20:35:31.000177,필라테스 필라베이 휘트니스,4,서비스 굿
2025-11-21 20:35:31.000178,필라테스 필라베이 휘트니스,5,자주 방문할게요
2025-11-21 20:35:31.000179,타운케이 헬스&PT 건대점,5,혜택 적용 잘 받았어요
2025-11-21 20:35:31.000180,타운케이 헬스&PT 건대점,4,가성비 최고
2025-11-21 20:35:31.000181,타운케이 헬스&PT 건대점,5,매우 만족합니다.
2025-11-21 20:35:31.000182,타운케이 헬스&PT 건대점,5,사장님 친절해요
2025-11-21 20:35:31.000183,타운케이 헬스&PT 건대점,4,또 오고 싶어요
2025-11-21 20:35:31.000184,타운케이 헬스&PT 건대점,5,서비스 굿
2025-11-21 20:35:31.000185,타운케이 헬스&PT 건대점,5,자주 방문할게요
2025-11-21 20:35:31.000186,타운케이 헬스&PT 건대점,4,평범했어요
2025-11-21 20:35:31.000187,타운케이 헬스&PT 건대점,5,혜택 적용 잘 받았어요
2025-11-21 20:35:31.000188,타운케이 헬스&PT 건대점,5,가성비 최고
2025-11-21 20:35:31.000189,타운케이 헬스&PT 건대점,4,매우 만족합니다.
2025-11-21 20:35:31.000190,타운케이 헬스&PT 건대점,5,사장님 친절해요
2025-11-21 20:35:31.000191,타운케이 헬스&PT 건대점,5,또 오고 싶어요
2025-11-21 20:35:31.000192,타운케이 헬스&PT 건대점,4,서비스 굿
2025-11-21 20:35:31.000193,타운케이 헬스&PT 건대점,5,자주 방문할게요
2025-11-21 20:35:31.000194,그루트 클라이밍,5,혜택 적용 잘 받았어요
2025-11-21 20:35:31.000195,그루트 클라이밍,4,가성비 최고
2025-11-21 20:35:31.000196,그루트 클라이밍,5,매우 만족합니다.
2025-11-21 20:35:31.000197,그루트 클라이밍,5,사장님 친절해요
2025-11-21 20:35:31.000198,그루트 클라이밍,4,또 오고 싶어요
2025-11-21 20:35:31.000199,그루트 클라이밍,5,서비스 굿
2025-11-21 20:35:31.000200,그루트 클라이밍,5,자주 방문할게요
2025-11-21 20:35:31.000201,그루트 클라이밍,4,평범했어요
2025-11-21 20:35:31.000202,그루트 클라이밍,5,혜택 적용 잘 받았어요
2025-11-21 20:35:31.000203,그루트 클라이밍,5,가성비 최고
2025-11-21 20:35:31.000204,그루트 클라이밍,4,매우 만족합니다.
2025-11-21 20:35:31.000205,그루트 클라이밍,5,사장님 친절해요
2025-11-21 20:35:31.000206,그루트 클라이밍,5,또 오고 싶어요
2025-11-21 20:35:31.000207,그루트 클라이밍,4,서비스 굿
2025-11-21 20:35:31.000208,그루트 클라이밍,5,자주 방문할게요
2025-11-21 20:35:31.000209,약손명가,5,혜택 적용 잘 받았어요
2025-11-21 20:35:31.000210,약손명가,4,가성비 최고
2025-11-21 20:35:31.000211,약손명가,5,매우 만족합니다.
2025-11-21 20:35:31.000212,약손명가,5,사장님 친절해요
2025-11-21 20:35:31.000213,약손명가,4,또 오고 싶어요
2025-11-21 20:35:31.000214,약손명가,5,서비스 굿
2025-11-21 20:35:31.000215,약손명가,5,자주 방문할게요
2025-11-21 20:35:31.000216,약손명가,4,평범했어요
2025-11-21 20:35:31.000217,약손명가,5,혜택 적용 잘 받았어요
2025-11-21 20:35:31.000218,약손명가,5,가성비 최고
2025-11-21 20:35:31.000219,약손명가,4,매우 만족합니다.
2025-11-21 20:35:31.000220,약손명가,5,사장님 친절해요
2025-11-21 20:35:31.000221,약손명가,5,또 오고 싶어요
2025-11-21 20:35:31.000222,약손명가,4,서비스 굿
2025-11-21 20:35:31.000223,약손명가,5,자주 방문할게요
2025-11-21 20:35:31.000224,다빈치보드게임카페,5,혜택 적용 잘 받았어요
2025-11-21 20:35:31.000225,다빈치보드게임카페,4,가성비 최고
2025-11-21 20:35:31.000226,다빈치보드게임카페,5,매우 만족합니다.
2025-11-21 20:35:31.000227,다빈치보드게임카페,5,사장님 친절해요
2025-11-21 20:35:31.000228,다빈치보드게임카페,4,또 오고 싶어요
2025-11-21 20:35:31.000229,다빈치보드게임카페,5,서비스 굿
2025-11-21 20:35:31.000230,다빈치보드게임카페,5,자주 방문할게요
2025-11-21 20:35:31.000231,다빈치보드게임카페,4,평범했어요
2025-11-21 20:35:31.000232,다빈치보드게임카페,5,혜택 적용 잘 받았어요
2025-11-21 20:35:31.000233,다빈치보드게임카페,5,가성비 최고
2025-11-21 20:35:31.000234,다빈치보드게임카페,4,매우 만족합니다.
2025-11-21 20:35:31.000235,다빈치보드게임카페,5,사장님 친절해요
2025-11-21 20:35:31.000236,다빈치보드게임카페,5,또 오고 싶어요
2025-11-21 20:35:31.000237,다빈치보드게임카페,4,서비스 굿
2025-11-21 20:35:31.000238,다빈치보드게임카페,5,자주 방문할게요
2025-11-21 20:35:31.000239,원플레이 건대점,5,혜택 적용 잘 받았어요
2025-11-21 20:35:31.000240,원플레이 건대점,4,가성비 최고
2025-11-21 20:35:31.000241,원플레이 건대점,5,매우 만족합니다.
2025-11-21 20:35:31.000242,원플레이 건대점,5,사장님 친절해요
2025-11-21 20:35:31.000243,원플레이 건대점,4,또 오고 싶어요
2025-11-21 20:35:31.000244,원플레이 건대점,5,서비스 굿
2025-11-21 20:35:31.000245,원플레이 건대점,5,자주 방문할게요
2025-11-21 20:35:31.000246,원플레이 건대점,4,평범했어요
2025-11-21 20:35:31.000247,원플레이 건대점,5,혜택 적용 잘 받았어요
2025-11-21 20:35:31.000248,원플레이 건대점,5,가성비 최고
2025-11-21 20:35:31.000249,원플레이 건대점,4,매우 만족합니다.
2025-11-21 20:35:31.000250,원플레이 건대점,5,사장님 친절해요
2025-11-21 20:35:31.000251,원플레이 건대점,5,또 오고 싶어요
2025-11-21 20:35:31.000252,원플레이 건대점,4,서비스 굿
2025-11-21 20:35:31.000253,원플레이 건대점,5,자주 방문할게요
2025-11-21 20:35:31.000254,거북이 보드게임 건대,5,혜택 적용 잘 받았어요
2025-11-21 20:35:31.000255,거북이 보드게임 건대,4,가성비 최고
2025-11-21 20:35:31.000256,거북이 보드게임 건대,5,매우 만족합니다.
2025-11-21 20:35:31.000257,거북이 보드게임 건대,5,사장님 친절해요
2025-11-21 20:35:31.000258,거북이 보드게임 건대,4,또 오고 싶어요
2025-11-21 20:35:31.000259,거북이 보드게임 건대,5,서비스 굿
2025-11-21 20:35:31.000260,거북이 보드게임 건대,5,자주 방문할게요
2025-11-21 20:35:31.000261,거북이 보드게임 건대,4,평범했어요
2025-11-21 20:35:31.000262,거북이 보드게임 건대,5,혜택 적용 잘 받았어요
2025-11-21 20:35:31.000263,거북이 보드게임 건대,5,가성비 최고
2025-11-21 20:35:31.000264,거북이 보드게임 건대,4,매우 만족합니다.
2025-11-21 20:35:31.000265,거북이 보드게임 건대,5,사장님 친절해요
2025-11-21 20:35:31.000266,거북이 보드게임 건대,5,또 오고 싶어요
2025-11-21 20:35:31.000267,거북이 보드게임 건대,4,서비스 굿
2025-11-21 20:35:31.000268,거북이 보드게임 건대,5,자주 방문할게요
2025-11-21 20:35:31.000269,건대 놀거리 셀프사진관 데이트코스 흑백공간,5,혜택 적용 잘 받았어요
2025-11-21 20:35:31.000270,건대 놀거리 셀프사진관 데이트코스 흑백공간,4,가성비 최고
2025-11-21 20:35:31.000271,건대 놀거리 셀프사진관 데이트코스 흑백공간,5,매우 만족합니다.
2025-11-21 20:35:31.000272,건대 놀거리 셀프사진관 데이트코스 흑백공간,5,사장님 친절해요
2025-11-21 20:35:31.000273,건대 놀거리 셀프사진관 데이트코스 흑백공간,4,또 오고 싶어요
2025-11-21 20:35:31.000274,건대 놀거리 셀프사진관 데이트코스 흑백공간,5,서비스 굿
2025-11-21 20:35:31.000275,건대 놀거리 셀프사진관 데이트코스 흑백공간,5,자주 방문할게요
2025-11-21 20:35:31.000276,건대 놀거리 셀프사진관 데이트코스 흑백공간,4,평범했어요
2025-11-21 20:35:31.000277,건대 놀거리 셀프사진관 데이트코스 흑백공간,5,혜택 적용 잘 받았어요
2025-11-21 20:35:31.000278,건대 놀거리 셀프사진관 데이트코스 흑백공간,5,가성비 최고
2025-11-21 20:35:31.000279,건대 놀거리 셀프사진관 데이트코스 흑백공간,4,매우 만족합니다.
2025-11-21 20:35:31.000280,건대 놀거리 셀프사진관 데이트코스 흑백공간,5,사장님 친절해요
2025-11-21 20:35:31.000281,건대 놀거리 셀프사진관 데이트코스 흑백공간,5,또 오고 싶어요
2025-11-21 20:35:31.000282,건대 놀거리 셀프사진관 데이트코스 흑백공간,4,서비스 굿
2025-11-21 20:35:31.000283,건대 놀거리 셀프사진관 데이트코스 흑백공간,5,자주 방문할게요
2025-11-21 20:35:31.000284,그럼피 러버스 건대점,5,혜택 적용 잘 받았어요
2025-11-21 20:35:31.000285,그럼피 러버스 건대점,4,가성비 최고
2025-11-21 20:35:31.000286,그럼피 러버스 건대점,5,매우 만족합니다.
2025-11-21 20:35:31.000287,그럼피 러버스 건대점,5,사장님 친절해요
2025-11-21 20:35:31.000288,그럼피 러버스 건대점,4,또 오고 싶어요
2025-11-21 20:35:31.000289,그럼피 러버스 건대점,5,서비스 굿
2025-11-21 20:35:31.000290,그럼피 러버스 건대점,5,자주 방문할게요
2025-11-21 20:35:31.000291,그럼피 러버스 건대점,4,평범했어요
2025-11-21 20:35:31.000292,그럼피 러버스 건대점,5,혜택 적용 잘 받았어요
2025-11-21 20:35:31.000293,그럼피 러버스 건대점,5,가성비 최고
2025-11-21 20:35:31.000294,그럼피 러버스 건대점,4,매우 만족합니다.
2025-11-21 20:35:31.000295,그럼피 러버스 건대점,5,사장님 친절해요
2025-11-21 20:35:31.000296,그럼피 러버스 건대점,5,또 오고 싶어요
2025-11-21 20:35:31.000297,그럼피 러버스 건대점,4,서비스 굿
2025-11-21 20:35:31.000298,그럼피 러버스 건대점,5,자주 방문할게요
2025-11-21 20:35:31.000299,꽃,한양플라워,"5,혜택 적용 잘 받았어요"
2025-11-21 20:35:31.000300,꽃,한양플라워,"4,가성비 최고"
2025-11-21 20:35:31.000301,꽃,한양플라워,"5,매우 만족합니다."
2025-11-21 20:35:31.000302,꽃,한양플라워,"5,사장님 친절해요"
2025-11-21 20:35:31.000303,꽃,한양플라워,"4,또 오고 싶어요"
2025-11-21 20:35:31.000304,꽃,한양플라워,"5,서비스 굿"
2025-11-21 20:35:31.000305,꽃,한양플라워,"5,자주 방문할게요"
2025-11-21 20:35:31.000306,꽃,한양플라워,"4,평범했어요"
2025-11-21 20:35:31.000307,꽃,한양플라워,"5,혜택 적용 잘 받았어요"
2025-11-21 20:35:31.000308,꽃,한양플라워,"5,가성비 최고"
2025-11-21 20:35:31.000309,꽃,한양플라워,"4,매우 만족합니다."
2025-11-21 20:35:31.000310,꽃,한양플라워,"5,사장님 친절해요"
2025-11-21 20:35:31.000311,꽃,한양플라워,"5,또 오고 싶어요"
2025-11-21 20:35:31.000312,꽃,한양플라워,"4,서비스 굿"
2025-11-21 20:35:31.000313,꽃,한양플라워,"5,자주 방문할게요"
2025-11-21 20:35:31.000314,뉴데이 스튜디오,5,혜택 적용 잘 받았어요
2025-11-21 20:35:31.000315,뉴데이 스튜디오,4,가성비 최고
2025-11-21 20:35:31.000316,뉴데이 스튜디오,5,매우 만족합니다.
2025-11-21 20:35:31.000317,뉴데이 스튜디오,5,사장님 친절해요
2025-11-21 20:35:31.000318,뉴데이 스튜디오,4,또 오고 싶어요
2025-11-21 20:35:31.000319,뉴데이 스튜디오,5,서비스 굿
2025-11-21 20:35:31.000320,뉴데이 스튜디오,5,자주 방문할게요
2025-11-21 20:35:31.000321,뉴데이 스튜디오,4,평범했어요
2025-11-21 20:35:31.000322,뉴데이 스튜디오,5,혜택 적용 잘 받았어요
2025-11-21 20:35:31.000323,뉴데이 스튜디오,5,가성비 최고
2025-11-21 20:35:31.000324,뉴데이 스튜디오,4,매우 만족합니다.
2025-11-21 20:35:31.000325,뉴데이 스튜디오,5,사장님 친절해요
2025-11-21 20:35:31.000326,뉴데이 스튜디오,5,또 오고 싶어요
2025-11-21 20:35:31.000327,뉴데이 스튜디오,4,서비스 굿
2025-11-21 20:35:31.000328,뉴데이 스튜디오,5,자주 방문할게요
2025-11-21 20:35:31.000329,디난트 파티룸,5,혜택 적용 잘 받았어요
2025-11-21 20:35:31.000330,디난트 파티룸,4,가성비 최고
2025-11-21 20:35:31.000331,디난트 파티룸,5,매우 만족합니다.
2025-11-21 20:35:31.000332,디난트 파티룸,5,사장님 친절해요
2025-11-21 20:35:31.000333,디난트 파티룸,4,또 오고 싶어요
2025-11-21 20:35:31.000334,디난트 파티룸,5,서비스 굿
2025-11-21 20:35:31.000335,디난트 파티룸,5,자주 방문할게요
2025-11-21 20:35:31.000336,디난트 파티룸,4,평범했어요
2025-11-21 20:35:31.000337,디난트 파티룸,5,혜택 적용 잘 받았어요
2025-11-21 20:35:31.000338,디난트 파티룸,5,가성비 최고
2025-11-21 20:35:31.000339,디난트 파티룸,4,매우 만족합니다.
2025-11-21 20:35:31.000340,디난트 파티룸,5,사장님 친절해요
2025-11-21 20:35:31.000341,디난트 파티룸,5,또 오고 싶어요
2025-11-21 20:35:31.000342,디난트 파티룸,4,서비스 굿
2025-11-21 20:35:31.000343,디난트 파티룸,5,자주 방문할게요
2025-11-21 20:35:31.000344,락휴 코인노래연습장 건대중문점,5,혜택 적용 잘 받았어요
2025-11-21 20:35:31.000345,락휴 코인노래연습장 건대중문점,4,가성비 최고
2025-11-21 20:35:31.000346,락휴 코인노래연습장 건대중문점,5,매우 만족합니다.
2025-11-21 20:35:31.000347,락휴 코인노래연습장 건대중문점,5,사장님 친절해요
2025-11-21 20:35:31.000348,락휴 코인노래연습장 건대중문점,4,또 오고 싶어요
2025-11-21 20:35:31.000349,락휴 코인노래연습장 건대중문점,5,서비스 굿
2025-11-21 20:35:31.000350,락휴 코인노래연습장 건대중문점,5,자주 방문할게요
2025-11-21 20:35:31.000351,락휴 코인노래연습장 건대중문점,4,평범했어요
2025-11-21 20:35:31.000352,락휴 코인노래연습장 건대중문점,5,혜택 적용 잘 받았어요
2025-11-21 20:35:31.000353,락휴 코인노래연습장 건대중문점,5,가성비 최고
2025-11-21 20:35:31.000354,락휴 코인노래연습장 건대중문점,4,매우 만족합니다.
2025-11-21 20:35:31.000355,락휴 코인노래연습장 건대중문점,5,사장님 친절해요
2025-11-21 20:35:31.000356,락휴 코인노래연습장 건대중문점,5,또 오고 싶어요
2025-11-21 20:35:31.000357,락휴 코인노래연습장 건대중문점,4,서비스 굿
2025-11-21 20:35:31.000358,락휴 코인노래연습장 건대중문점,5,자주 방문할게요
2025-11-21 20:35:31.000359,락휴 코인노래연습장 서울 건대입구역점,5,혜택 적용 잘 받았어요
2025-11-21 20:35:31.000360,락휴 코인노래연습장 서울 건대입구역점,4,가성비 최고
2025-11-21 20:35:31.000361,락휴 코인노래연습장 서울 건대입구역점,5,매우 만족합니다.
2025-11-21 20:35:31.000362,락휴 코인노래연습장 서울 건대입구역점,5,사장님 친절해요
2025-11-21 20:35:31.000363,락휴 코인노래연습장 서울 건대입구역점,4,또 오고 싶어요
2025-11-21 20:35:31.000364,락휴 코인노래연습장 서울 건대입구역점,5,서비스 굿
2025-11-21 20:35:31.000365,락휴 코인노래연습장 서울 건대입구역점,5,자주 방문할게요
2025-11-21 20:35:31.000366,락휴 코인노래연습장 서울 건대입구역점,4,평범했어요
2025-11-21 20:35:31.000367,락휴 코인노래연습장 서울 건대입구역점,5,혜택 적용 잘 받았어요
2025-11-21 20:35:31.000368,락휴 코인노래연습장 서울 건대입구역점,5,가성비 최고
2025-11-21 20:35:31.000369,락휴 코인노래연습장 서울 건대입구역점,4,매우 만족합니다.
2025-11-21 20:35:31.000370,락휴 코인노래연습장 서울 건대입구역점,5,사장님 친절해요
2025-11-21 20:35:31.000371,락휴 코인노래연습장 서울 건대입구역점,5,또 오고 싶어요
2025-11-21 20:35:31.000372,락휴 코인노래연습장 서울 건대입구역점,4,서비스 굿
2025-11-21 20:35:31.000373,락휴 코인노래연습장 서울 건대입구역점,5,자주 방문할게요
2025-11-21 20:35:31.000374,서울반지공방 반지만들기카페 건대점,5,혜택 적용 잘 받았어요
2025-11-21 20:35:31.000375,서울반지공방 반지만들기카페 건대점,4,가성비 최고
2025-11-21 20:35:31.000376,서울반지공방 반지만들기카페 건대점,5,매우 만족합니다.
2025-11-21 20:35:31.000377,서울반지공방 반지만들기카페 건대점,5,사장님 친절해요
2025-11-21 20:35:31.000378,서울반지공방 반지만들기카페 건대점,4,또 오고 싶어요
2025-11-21 20:35:31.000379,서울반지공방 반지만들기카페 건대점,5,서비스 굿
2025-11-21 20:35:31.000380,서울반지공방 반지만들기카페 건대점,5,자주 방문할게요
2025-11-21 20:35:31.000381,서울반지공방 반지만들기카페 건대점,4,평범했어요
2025-11-21 20:35:31.000382,서울반지공방 반지만들기카페 건대점,5,혜택 적용 잘 받았어요
2025-11-21 20:35:31.000383,서울반지공방 반지만들기카페 건대점,5,가성비 최고
2025-11-21 20:35:31.000384,서울반지공방 반지만들기카페 건대점,4,매우 만족합니다.
2025-11-21 20:35:31.000385,서울반지공방 반지만들기카페 건대점,5,사장님 친절해요
2025-11-21 20:35:31.000386,서울반지공방 반지만들기카페 건대점,5,또 오고 싶어요
2025-11-21 20:35:31.000387,서울반지공방 반지만들기카페 건대점,4,서비스 굿
2025-11-21 20:35:31.000388,서울반지공방 반지만들기카페 건대점,5,자주 방문할게요
2025-11-21 20:35:31.000389,스코관리형스터디카페 구의1호점,5,혜택 적용 잘 받았어요
2025-11-21 20:35:31.000390,스코관리형스터디카페 구의1호점,4,가성비 최고
2025-11-21 20:35:31.000391,스코관리형스터디카페 구의1호점,5,매우 만족합니다.
2025-11-21 20:35:31.000392,스코관리형스터디카페 구의1호점,5,사장님 친절해요
2025-11-21 20:35:31.000393,스코관리형스터디카페 구의1호점,4,또 오고 싶어요
2025-11-21 20:35:31.000394,스코관리형스터디카페 구의1호점,5,서비스 굿
2025-11-21 20:35:31.000395,스코관리형스터디카페 구의1호점,5,자주 방문할게요
2025-11-21 20:35:31.000396,스코관리형스터디카페 구의1호점,4,평범했어요
2025-11-21 20:35:31.000397,스코관리형스터디카페 구의1호점,5,혜택 적용 잘 받았어요
2025-11-21 20:35:31.000398,스코관리형스터디카페 구의1호점,5,가성비 최고
2025-11-21 20:35:31.036904,스코관리형스터디카페 구의1호점,4,매우 만족합니다.
2025-11-21 20:35:31.037905,스코관리형스터디카페 구의1호점,5,사장님 친절해요
2025-11-21 20:35:31.037906,스코관리형스터디카페 구의1호점,5,또 오고 싶어요
2025-11-21 20:35:31.037907,스코관리형스터디카페 구의1호점,4,서비스 굿
2025-11-21 20:35:31.037908,스코관리형스터디카페 구의1호점,5,자주 방문할게요
2025-11-21 20:35:31.037909,스터디카페 혜윰 구의점,5,혜택 적용 잘 받았어요
2025-11-21 20:35:31.037910,스터디카페 혜윰 구의점,4,가성비 최고
2025-11-21 20:35:31.037911,스터디카페 혜윰 구의점,5,매우 만족합니다.
2025-11-21 20:35:31.037912,스터디카페 혜윰 구의점,5,사장님 친절해요
2025-11-21 20:35:31.037913,스터디카페 혜윰 구의점,4,또 오고 싶어요
2025-11-21 20:35:31.037914,스터디카페 혜윰 구의점,5,서비스 굿
2025-11-21 20:35:31.037915,스터디카페 혜윰 구의점,5,자주 방문할게요
2025-11-21 20:35:31.037916,스터디카페 혜윰 구의점,4,평범했어요
2025-11-21 20:35:31.037917,스터디카페 혜윰 구의점,5,혜택 적용 잘 받았어요
2025-11-21 20:35:31.037918,스터디카페 혜윰 구의점,5,가성비 최고
2025-11-21 20:35:31.037919,스터디카페 혜윰 구의점,4,매우 만족합니다.
2025-11-21 20:35:31.037920,스터디카페 혜윰 구의점,5,사장님 친절해요
2025-11-21 20:35:31.037921,스터디카페 혜윰 구의점,5,또 오고 싶어요
2025-11-21 20:35:31.037922,스터디카페 혜윰 구의점,4,서비스 굿
2025-11-21 20:35:31.037923,스터디카페 혜윰 구의점,5,자주 방문할게요
2025-11-21 20:35:31.037924,스페이스온새,5,혜택 적용 잘 받았어요
2025-11-21 20:35:31.037925,스페이스온새,4,가성비 최고
2025-11-21 20:35:31.037926,스페이스온새,5,매우 만족합니다.
2025-11-21 20:35:31.037927,스페이스온새,5,사장님 친절해요
2025-11-21 20:35:31.037928,스페이스온새,4,또 오고 싶어요
2025-11-21 20:35:31.037929,스페이스온새,5,서비스 굿
2025-11-21 20:35:31.037930,스페이스온새,5,자주 방문할게요
2025-11-21 20:35:31.037931,스페이스온새,4,평범했어요
2025-11-21 20:35:31.037932,스페이스온새,5,혜택 적용 잘 받았어요
2025-11-21 20:35:31.037933,스페이스온새,5,가성비 최고
2025-11-21 20:35:31.037934,스페이스온새,4,매우 만족합니다.
2025-11-21 20:35:31.037935,스페이스온새,5,사장님 친절해요
2025-11-21 20:35:31.037936,스페이스온새,5,또 오고 싶어요
2025-11-21 20:35:31.037937,스페이스온새,4,서비스 굿
2025-11-21 20:35:31.037938,스페이스온새,5,자주 방문할게요
2025-11-21 20:35:31.037939,쏘플파티룸 건대캐치볼,5,혜택 적용 잘 받았어요
2025-11-21 20:35:31.037940,쏘플파티룸 건대캐치볼,4,가성비 최고
2025-11-21 20:35:31.037941,쏘플파티룸 건대캐치볼,5,매우 만족합니다.
2025-11-21 20:35:31.037942,쏘플파티룸 건대캐치볼,5,사장님 친절해요
2025-11-21 20:35:31.037943,쏘플파티룸 건대캐치볼,4,또 오고 싶어요
2025-11-21 20:35:31.037944,쏘플파티룸 건대캐치볼,5,서비스 굿
2025-11-21 20:35:31.037945,쏘플파티룸 건대캐치볼,5,자주 방문할게요
2025-11-21 20:35:31.037946,쏘플파티룸 건대캐치볼,4,평범했어요
2025-11-21 20:35:31.037947,쏘플파티룸 건대캐치볼,5,혜택 적용 잘 받았어요
2025-11-21 20:35:31.037948,쏘플파티룸 건대캐치볼,5,가성비 최고
2025-11-21 20:35:31.037949,쏘플파티룸 건대캐치볼,4,매우 만족합니다.
2025-11-21 20:35:31.037950,쏘플파티룸 건대캐치볼,5,사장님 친절해요
2025-11-21 20:35:31.037951,쏘플파티룸 건대캐치볼,5,또 오고 싶어요
2025-11-21 20:35:31.037952,쏘플파티룸 건대캐치볼,4,서비스 굿
2025-11-21 20:35:31.037953,쏘플파티룸 건대캐치볼,5,자주 방문할게요
2025-11-21 20:35:31.037954,오디너리,5,혜택 적용 잘 받았어요
2025-11-21 20:35:31.037955,오디너리,4,가성비 최고
2025-11-21 20:35:31.037956,오디너리,5,매우 만족합니다.
2025-11-21 20:35:31.037957,오디너리,5,사장님 친절해요
2025-11-21 20:35:31.037958,오디너리,4,또 오고 싶어요
2025-11-21 20:35:31.037959,오디너리,5,서비스 굿
2025-11-21 20:35:31.037960,오디너리,5,자주 방문할게요
2025-11-21 20:35:31.037961,오디너리,4,평범했어요
2025-11-21 20:35:31.037962,오디너리,5,혜택 적용 잘 받았어요
2025-11-21 20:35:31.037963,오디너리,5,가성비 최고
2025-11-21 20:35:31.037964,오디너리,4,매우 만족합니다.
2025-11-21 20:35:31.037965,오디너리,5,사장님 친절해요
2025-11-21 20:35:31.037966,오디너리,5,또 오고 싶어요
2025-11-21 20:35:31.037967,오디너리,4,서비스 굿
2025-11-21 20:35:31.037968,오디너리,5,자주 방문할게요
2025-11-21 20:35:31.037969,작심스터디카페 화양점,5,혜택 적용 잘 받았어요
2025-11-21 20:35:31.037970,작심스터디카페 화양점,4,가성비 최고
2025-11-21 20:35:31.037971,작심스터디카페 화양점,5,매우 만족합니다.
2025-11-21 20:35:31.037972,작심스터디카페 화양점,5,사장님 친절해요
2025-11-21 20:35:31.037973,작심스터디카페 화양점,4,또 오고 싶어요
2025-11-21 20:35:31.037974,작심스터디카페 화양점,5,서비스 굿
2025-11-21 20:35:31.037975,작심스터디카페 화양점,5,자주 방문할게요
2025-11-21 20:35:31.037976,작심스터디카페 화양점,4,평범했어요
2025-11-21 20:35:31.037977,작심스터디카페 화양점,5,혜택 적용 잘 받았어요
2025-11-21 20:35:31.037978,작심스터디카페 화양점,5,가성비 최고
2025-11-21 20:35:31.037979,작심스터디카페 화양점,4,매우 만족합니다.
2025-11-21 20:35:31.037980,작심스터디카페 화양점,5,사장님 친절해요
2025-11-21 20:35:31.037981,작심스터디카페 화양점,5,또 오고 싶어요
2025-11-21 20:35:31.037982,작심스터디카페 화양점,4,서비스 굿
2025-11-21 20:35:31.037983,작심스터디카페 화양점,5,자주 방문할게요
2025-11-21 20:35:31.037984,저스트스캔 건대점,5,혜택 적용 잘 받았어요
2025-11-21 20:35:31.037985,저스트스캔 건대점,4,가성비 최고
2025-11-21 20:35:31.037986,저스트스캔 건대점,5,매우 만족합니다.
2025-11-21 20:35:31.037987,저스트스캔 건대점,5,사장님 친절해요
2025-11-21 20:35:31.037988,저스트스캔 건대점,4,또 오고 싶어요
2025-11-21 20:35:31.037989,저스트스캔 건대점,5,서비스 굿
2025-11-21 20:35:31.037990,저스트스캔 건대점,5,자주 방문할게요
2025-11-21 20:35:31.037991,저스트스캔 건대점,4,평범했어요
2025-11-21 20:35:31.037992,저스트스캔 건대점,5,혜택 적용 잘 받았어요
2025-11-21 20:35:31.037993,저스트스캔 건대점,5,가성비 최고
2025-11-21 20:35:31.037994,저스트스캔 건대점,4,매우 만족합니다.
2025-11-21 20:35:31.037995,저스트스캔 건대점,5,사장님 친절해요
2025-11-21 20:35:31.037996,저스트스캔 건대점,5,또 오고 싶어요
2025-11-21 20:35:31.037997,저스트스캔 건대점,4,서비스 굿
2025-11-21 20:35:31.037998,저스트스캔 건대점,5,자주 방문할게요
2025-11-21 20:35:31.037999,제노PC방 건대후문점,5,혜택 적용 잘 받았어요
2025-11-21 20:35:31.038000,제노PC방 건대후문점,4,가성비 최고
2025-11-21 20:35:31.038001,제노PC방 건대후문점,5,매우 만족합니다.
2025-11-21 20:35:31.038002,제노PC방 건대후문점,5,사장님 친절해요
2025-11-21 20:35:31.038003,제노PC방 건대후문점,4,또 오고 싶어요
2025-11-21 20:35:31.038004,제노PC방 건대후문점,5,서비스 굿
2025-11-21 20:35:31.038005,제노PC방 건대후문점,5,자주 방문할게요
2025-11-21 20:35:31.038006,제노PC방 건대후문점,4,평범했어요
2025-11-21 20:35:31.038007,제노PC방 건대후문점,5,혜택 적용 잘 받았어요
2025-11-21 20:35:31.038008,제노PC방 건대후문점,5,가성비 최고
2025-11-21 20:35:31.038009,제노PC방 건대후문점,4,매우 만족합니다.
2025-11-21 20:35:31.038010,제노PC방 건대후문점,5,사장님 친절해요
2025-11-21 20:35:31.038011,제노PC방 건대후문점,5,또 오고 싶어요
2025-11-21 20:35:31.038012,제노PC방 건대후문점,4,서비스 굿
2025-11-21 20:35:31.038013,제노PC방 건대후문점,5,자주 방문할게요
2025-11-21 20:35:31.038014,테크런 건대1호점,5,혜택 적용 잘 받았어요
2025-11-21 20:35:31.038015,테크런 건대1호점,4,가성비 최고
2025-11-21 20:35:31.038016,테크런 건대1호점,5,매우 만족합니다.
2025-11-21 20:35:31.038017,테크런 건대1호점,5,사장님 친절해요
2025-11-21 20:35:31.038018,테크런 건대1호점,4,또 오고 싶어요
2025-11-21 20:35:31.038019,테크런 건대1호점,5,서비스 굿
2025-11-21 20:35:31.038020,테크런 건대1호점,5,자주 방문할게요
2025-11-21 20:35:31.038021,테크런 건대1호점,4,평범했어요
2025-11-21 20:35:31.038022,테크런 건대1호점,5,혜택 적용 잘 받았어요
2025-11-21 20:35:31.038023,테크런 건대1호점,5,가성비 최고
2025-11-21 20:35:31.038024,테크런 건대1호점,4,매우 만족합니다.
2025-11-21 20:35:31.038025,테크런 건대1호점,5,사장님 친절해요
2025-11-21 20:35:31.038026,테크런 건대1호점,5,또 오고 싶어요
2025-11-21 20:35:31.038027,테크런 건대1호점,4,서비스 굿
2025-11-21 20:35:31.038028,테크런 건대1호점,5,자주 방문할게요
2025-11-21 20:35:31.038029,홈워크 스터디카페 건대점,5,혜택 적용 잘 받았어요
2025-11-21 20:35:31.038030,홈워크 스터디카페 건대점,4,가성비 최고
2025-11-21 20:35:31.038031,홈워크 스터디카페 건대점,5,매우 만족합니다.
2025-11-21 20:35:31.038032,홈워크 스터디카페 건대점,5,사장님 친절해요
2025-11-21 20:35:31.038033,홈워크 스터디카페 건대점,4,또 오고 싶어요
2025-11-21 20:35:31.038034,홈워크 스터디카페 건대점,5,서비스 굿
2025-11-21 20:35:31.038035,홈워크 스터디카페 건대점,5,자주 방문할게요
2025-11-21 20:35:31.038036,홈워크 스터디카페 건대점,4,평범했어요
2025-11-21 20:35:31.038037,홈워크 스터디카페 건대점,5,혜택 적용 잘 받았어요
2025-11-21 20:35:31.038038,홈워크 스터디카페 건대점,5,가성비 최고
2025-11-21 20:35:31.038039,홈워크 스터디카페 건대점,4,매우 만족합니다.
2025-11-21 20:35:31.038040,홈워크 스터디카페 건대점,5,사장님 친절해요
2025-11-21 20:35:31.038041,홈워크 스터디카페 건대점,5,또 오고 싶어요
2025-11-21 20:35:31.038042,홈워크 스터디카페 건대점,4,서비스 굿
2025-11-21 20:35:31.038043,홈워크 스터디카페 건대점,5,자주 방문할게요
2025-11-21 20:35:31.038044,홈즈앤루팡 보드게임카페 건대점,5,혜택 적용 잘 받았어요
2025-11-21 20:35:31.038045,홈즈앤루팡 보드게임카페 건대점,4,가성비 최고
2025-11-21 20:35:31.038046,홈즈앤루팡 보드게임카페 건대점,5,매우 만족합니다.
2025-11-21 20:35:31.038047,홈즈앤루팡 보드게임카페 건대점,5,사장님 친절해요
2025-11-21 20:35:31.038048,홈즈앤루팡 보드게임카페 건대점,4,또 오고 싶어요
2025-11-21 20:35:31.038049,홈즈앤루팡 보드게임카페 건대점,5,서비스 굿
2025-11-21 20:35:31.038050,홈즈앤루팡 보드게임카페 건대점,5,자주 방문할게요
2025-11-21 20:35:31.038051,홈즈앤루팡 보드게임카페 건대점,4,평범했어요
2025-11-21 20:35:31.038052,홈즈앤루팡 보드게임카페 건대점,5,혜택 적용 잘 받았어요
2025-11-21 20:35:31.038053,홈즈앤루팡 보드게임카페 건대점,5,가성비 최고
2025-11-21 20:35:31.038054,홈즈앤루팡 보드게임카페 건대점,4,매우 만족합니다.
2025-11-21 20:35:31.038055,홈즈앤루팡 보드게임카페 건대점,5,사장님 친절해요
2025-11-21 20:35:31.038056,홈즈앤루팡 보드게임카페 건대점,5,또 오고 싶어요
2025-11-21 20:35:31.038057,홈즈앤루팡 보드게임카페 건대점,4,서비스 굿
2025-11-21 20:35:31.038058,홈즈앤루팡 보드게임카페 건대점,5,자주 방문할게요
2025-11-21 20:35:31.038059,히어로보드게임카페 건대본점,5,혜택 적용 잘 받았어요
2025-11-21 20:35:31.038060,히어로보드게임카페 건대본점,4,가성비 최고
2025-11-21 20:35:31.038061,히어로보드게임카페 건대본점,5,매우 만족합니다.
2025-11-21 20:35:31.038062,히어로보드게임카페 건대본점,5,사장님 친절해요
2025-11-21 20:35:31.038063,히어로보드게임카페 건대본점,4,또 오고 싶어요
2025-11-21 20:35:31.038064,히어로보드게임카페 건대본점,5,서비스 굿
2025-11-21 20:35:31.038065,히어로보드게임카페 건대본점,5,자주 방문할게요
2025-11-21 20:35:31.038066,히어로보드게임카페 건대본점,4,평범했어요
2025-11-21 20:35:31.038067,히어로보드게임카페 건대본점,5,혜택 적용 잘 받았어요
2025-11-21 20:35:31.038068,히어로보드게임카페 건대본점,5,가성비 최고
2025-11-21 20:35:31.038069,히어로보드게임카페 건대본점,4,매우 만족합니다.
2025-11-21 20:35:31.038070,히어로보드게임카페 건대본점,5,사장님 친절해요
2025-11-21 20:35:31.038071,히어로보드게임카페 건대본점,5,또 오고 싶어요
2025-11-21 20:35:31.038072,히어로보드게임카페 건대본점,4,서비스 굿
2025-11-21 20:35:31.038073,히어로보드게임카페 건대본점,5,자주 방문할게요
2025-11-21 20:35:31.038074,히어로보드게임카페 어린이대공원점,5,혜택 적용 잘 받았어요
2025-11-21 20:35:31.038075,히어로보드게임카페 어린이대공원점,4,가성비 최고
2025-11-21 20:35:31.038076,히어로보드게임카페 어린이대공원점,5,매우 만족합니다.
2025-11-21 20:35:31.038077,히어로보드게임카페 어린이대공원점,5,사장님 친절해요
2025-11-21 20:35:31.038078,히어로보드게임카페 어린이대공원점,4,또 오고 싶어요
2025-11-21 20:35:31.038079,히어로보드게임카페 어린이대공원점,5,서비스 굿
2025-11-21 20:35:31.038080,히어로보드게임카페 어린이대공원점,5,자주 방문할게요
2025-11-21 20:35:31.038081,히어로보드게임카페 어린이대공원점,4,평범했어요
2025-11-21 20:35:31.038082,히어로보드게임카페 어린이대공원점,5,혜택 적용 잘 받았어요
2025-11-21 20:35:31.038083,히어로보드게임카페 어린이대공원점,5,가성비 최고
2025-11-21 20:35:31.038084,히어로보드게임카페 어린이대공원점,4,매우 만족합니다.
2025-11-21 20:35:31.038085,히어로보드게임카페 어린이대공원점,5,사장님 친절해요
2025-11-21 20:35:31.038086,히어로보드게임카페 어린이대공원점,5,또 오고 싶어요
2025-11-21 20:35:31.038087,히어로보드게임카페 어린이대공원점,4,서비스 굿
2025-11-21 20:35:31.038088,히어로보드게임카페 어린이대공원점,5,자주 방문할게요
2025-11-21 20:35:31.038089,오늘스냅,5,혜택 적용 잘 받았어요
2025-11-21 20:35:31.038090,오늘스냅,4,가성비 최고
2025-11-21 20:35:31.038091,오늘스냅,5,매우 만족합니다.
2025-11-21 20:35:31.038092,오늘스냅,5,사장님 친절해요
2025-11-21 20:35:31.038093,오늘스냅,4,또 오고 싶어요
2025-11-21 20:35:31.038094,오늘스냅,5,서비스 굿
2025-11-21 20:35:31.038095,오늘스냅,5,자주 방문할게요
2025-11-21 20:35:31.038096,오늘스냅,4,평범했어요
2025-11-21 20:35:31.038097,오늘스냅,5,혜택 적용 잘 받았어요
2025-11-21 20:35:31.038098,오늘스냅,5,가성비 최고
2025-11-21 20:35:31.038099,오늘스냅,4,매우 만족합니다.
2025-11-21 20:35:31.038100,오늘스냅,5,사장님 친절해요
2025-11-21 20:35:31.038101,오늘스냅,5,또 오고 싶어요
2025-11-21 20:35:31.038102,오늘스냅,4,서비스 굿
2025-11-21 20:35:31.038103,오늘스냅,5,자주 방문할게요
2025-11-21 20:35:31.038104,그레이 바버샵,5,혜택 적용 잘 받았어요
2025-11-21 20:35:31.038105,그레이 바버샵,4,가성비 최고
2025-11-21 20:35:31.038106,그레이 바버샵,5,매우 만족합니다.
2025-11-21 20:35:31.038107,그레이 바버샵,5,사장님 친절해요
2025-11-21 20:35:31.038108,그레이 바버샵,4,또 오고 싶어요
2025-11-21 20:35:31.038109,그레이 바버샵,5,서비스 굿
2025-11-21 20:35:31.038110,그레이 바버샵,5,자주 방문할게요
2025-11-21 20:35:31.038111,그레이 바버샵,4,평범했어요
2025-11-21 20:35:31.038112,그레이 바버샵,5,혜택 적용 잘 받았어요
2025-11-21 20:35:31.038113,그레이 바버샵,5,가성비 최고
2025-11-21 20:35:31.038114,그레이 바버샵,4,매우 만족합니다.
2025-11-21 20:35:31.038115,그레이 바버샵,5,사장님 친절해요
2025-11-21 20:35:31.038116,그레이 바버샵,5,또 오고 싶어요
2025-11-21 20:35:31.038117,그레이 바버샵,4,서비스 굿
2025-11-21 20:35:31.038118,그레이 바버샵,5,자주 방문할게요
2025-11-21 20:35:31.038119,열두달미장원,5,혜택 적용 잘 받았어요
2025-11-21 20:35:31.038120,열두달미장원,4,가성비 최고
2025-11-21 20:35:31.038121,열두달미장원,5,매우 만족합니다.
2025-11-21 20:35:31.038122,열두달미장원,5,사장님 친절해요
2025-11-21 20:35:31.038123,열두달미장원,4,또 오고 싶어요
2025-11-21 20:35:31.038124,열두달미장원,5,서비스 굿
2025-11-21 20:35:31.038125,열두달미장원,5,자주 방문할게요
2025-11-21 20:35:31.038126,열두달미장원,4,평범했어요
2025-11-21 20:35:31.038127,열두달미장원,5,혜택 적용 잘 받았어요
2025-11-21 20:35:31.038128,열두달미장원,5,가성비 최고
2025-11-21 20:35:31.038129,열두달미장원,4,매우 만족합니다.
2025-11-21 20:35:31.038130,열두달미장원,5,사장님 친절해요
2025-11-21 20:35:31.038131,열두달미장원,5,또 오고 싶어요
2025-11-21 20:35:31.038132,열두달미장원,4,서비스 굿
2025-11-21 20:35:31.038133,열두달미장원,5,자주 방문할게요
2025-11-21 20:35:31.038134,쏠뷰티스튜디오 건대점,5,혜택 적용 잘 받았어요
2025-11-21 20:35:31.038135,쏠뷰티스튜디오 건대점,4,가성비 최고
2025-11-21 20:35:31.038136,쏠뷰티스튜디오 건대점,5,매우 만족합니다.
2025-11-21 20:35:31.038137,쏠뷰티스튜디오 건대점,5,사장님 친절해요
2025-11-21 20:35:31.038138,쏠뷰티스튜디오 건대점,4,또 오고 싶어요
2025-11-21 20:35:31.038139,쏠뷰티스튜디오 건대점,5,서비스 굿
2025-11-21 20:35:31.038140,쏠뷰티스튜디오 건대점,5,자주 방문할게요
2025-11-21 20:35:31.038141,쏠뷰티스튜디오 건대점,4,평범했어요
2025-11-21 20:35:31.038142,쏠뷰티스튜디오 건대점,5,혜택 적용 잘 받았어요
2025-11-21 20:35:31.038143,쏠뷰티스튜디오 건대점,5,가성비 최고
2025-11-21 20:35:31.038144,쏠뷰티스튜디오 건대점,4,매우 만족합니다.
2025-11-21 20:35:31.038145,쏠뷰티스튜디오 건대점,5,사장님 친절해요
2025-11-21 20:35:31.038146,쏠뷰티스튜디오 건대점,5,또 오고 싶어요
2025-11-21 20:35:31.038147,쏠뷰티스튜디오 건대점,4,서비스 굿
2025-11-21 20:35:31.038148,쏠뷰티스튜디오 건대점,5,자주 방문할게요
2025-11-21 20:35:31.038149,골든네일 건대점,5,혜택 적용 잘 받았어요
2025-11-21 20:35:31.038150,골든네일 건대점,4,가성비 최고
2025-11-21 20:35:31.038151,골든네일 건대점,5,매우 만족합니다.
2025-11-21 20:35:31.038152,골든네일 건대점,5,사장님 친절해요
2025-11-21 20:35:31.038153,골든네일 건대점,4,또 오고 싶어요
2025-11-21 20:35:31.038154,골든네일 건대점,5,서비스 굿
2025-11-21 20:35:31.038155,골든네일 건대점,5,자주 방문할게요
2025-11-21 20:35:31.038156,골든네일 건대점,4,평범했어요
2025-11-21 20:35:31.038157,골든네일 건대점,5,혜택 적용 잘 받았어요
2025-11-21 20:35:31.038158,골든네일 건대점,5,가성비 최고
2025-11-21 20:35:31.038159,골든네일 건대점,4,매우 만족합니다.
2025-11-21 20:35:31.038160,골든네일 건대점,5,사장님 친절해요
2025-11-21 20:35:31.038161,골든네일 건대점,5,또 오고 싶어요
2025-11-21 20:35:31.038162,골든네일 건대점,4,서비스 굿
2025-11-21 20:35:31.038163,골든네일 건대점,5,자주 방문할게요
2025-11-21 20:35:31.038164,디탐헤어 건대점,5,혜택 적용 잘 받았어요
2025-11-21 20:35:31.038165,디탐헤어 건대점,4,가성비 최고
2025-11-21 20:35:31.038166,디탐헤어 건대점,5,매우 만족합니다.
2025-11-21 20:35:31.038167,디탐헤어 건대점,5,사장님 친절해요
2025-11-21 20:35:31.038168,디탐헤어 건대점,4,또 오고 싶어요
2025-11-21 20:35:31.038169,디탐헤어 건대점,5,서비스 굿
2025-11-21 20:35:31.038170,디탐헤어 건대점,5,자주 방문할게요
2025-11-21 20:35:31.038171,디탐헤어 건대점,4,평범했어요
2025-11-21 20:35:31.038172,디탐헤어 건대점,5,혜택 적용 잘 받았어요
2025-11-21 20:35:31.038173,디탐헤어 건대점,5,가성비 최고
2025-11-21 20:35:31.038174,디탐헤어 건대점,4,매우 만족합니다.
2025-11-21 20:35:31.038175,디탐헤어 건대점,5,사장님 친절해요
2025-11-21 20:35:31.038176,디탐헤어 건대점,5,또 오고 싶어요
2025-11-21 20:35:31.038177,디탐헤어 건대점,4,서비스 굿
2025-11-21 20:35:31.038178,디탐헤어 건대점,5,자주 방문할게요
2025-11-21 20:35:31.038179,루루앤아이래쉬 건대점,5,혜택 적용 잘 받았어요
2025-11-21 20:35:31.038180,루루앤아이래쉬 건대점,4,가성비 최고
2025-11-21 20:35:31.038181,루루앤아이래쉬 건대점,5,매우 만족합니다.
2025-11-21 20:35:31.038182,루루앤아이래쉬 건대점,5,사장님 친절해요
2025-11-21 20:35:31.038183,루루앤아이래쉬 건대점,4,또 오고 싶어요
2025-11-21 20:35:31.038184,루루앤아이래쉬 건대점,5,서비스 굿
2025-11-21 20:35:31.038185,루루앤아이래쉬 건대점,5,자주 방문할게요
2025-11-21 20:35:31.038186,루루앤아이래쉬 건대점,4,평범했어요
2025-11-21 20:35:31.038187,루루앤아이래쉬 건대점,5,혜택 적용 잘 받았어요
2025-11-21 20:35:31.038188,루루앤아이래쉬 건대점,5,가성비 최고
2025-11-21 20:35:31.038189,루루앤아이래쉬 건대점,4,매우 만족합니다.
2025-11-21 20:35:31.038190,루루앤아이래쉬 건대점,5,사장님 친절해요
2025-11-21 20:35:31.038191,루루앤아이래쉬 건대점,5,또 오고 싶어요
2025-11-21 20:35:31.038192,루루앤아이래쉬 건대점,4,서비스 굿
2025-11-21 20:35:31.038193,루루앤아이래쉬 건대점,5,자주 방문할게요
2025-11-21 20:35:31.038194,미스테이 건대점,5,혜택 적용 잘 받았어요
2025-11-21 20:35:31.038195,미스테이 건대점,4,가성비 최고
2025-11-21 20:35:31.038196,미스테이 건대점,5,매우 만족합니다.
2025-11-21 20:35:31.038197,미스테이 건대점,5,사장님 친절해요
2025-11-21 20:35:31.038198,미스테이 건대점,4,또 오고 싶어요
2025-11-21 20:35:31.038199,미스테이 건대점,5,서비스 굿
2025-11-21 20:35:31.038200,미스테이 건대점,5,자주 방문할게요
2025-11-21 20:35:31.038201,미스테이 건대점,4,평범했어요
2025-11-21 20:35:31.038202,미스테이 건대점,5,혜택 적용 잘 받았어요
2025-11-21 20:35:31.038203,미스테이 건대점,5,가성비 최고
2025-11-21 20:35:31.038204,미스테이 건대점,4,매우 만족합니다.
2025-11-21 20:35:31.038205,미스테이 건대점,5,사장님 친절해요
2025-11-21 20:35:31.038206,미스테이 건대점,5,또 오고 싶어요
2025-11-21 20:35:31.038207,미스테이 건대점,4,서비스 굿
2025-11-21 20:35:31.038208,미스테이 건대점,5,자주 방문할게요
2025-11-21 20:35:31.038209,분칠하는 고양이,5,혜택 적용 잘 받았어요
2025-11-21 20:35:31.038210,분칠하는 고양이,4,가성비 최고
2025-11-21 20:35:31.038211,분칠하는 고양이,5,매우 만족합니다.
2025-11-21 20:35:31.038212,분칠하는 고양이,5,사장님 친절해요
2025-11-21 20:35:31.038213,분칠하는 고양이,4,또 오고 싶어요
2025-11-21 20:35:31.038214,분칠하는 고양이,5,서비스 굿
2025-11-21 20:35:31.038215,분칠하는 고양이,5,자주 방문할게요
2025-11-21 20:35:31.038216,분칠하는 고양이,4,평범했어요
2025-11-21 20:35:31.038217,분칠하는 고양이,5,혜택 적용 잘 받았어요
2025-11-21 20:35:31.038218,분칠하는 고양이,5,가성비 최고
2025-11-21 20:35:31.038219,분칠하는 고양이,4,매우 만족합니다.
2025-11-21 20:35:31.038220,분칠하는 고양이,5,사장님 친절해요
2025-11-21 20:35:31.038221,분칠하는 고양이,5,또 오고 싶어요
2025-11-21 20:35:31.038222,분칠하는 고양이,4,서비스 굿
2025-11-21 20:35:31.038223,분칠하는 고양이,5,자주 방문할게요
2025-11-21 20:35:31.038224,설렘 미용실,5,혜택 적용 잘 받았어요
2025-11-21 20:35:31.038225,설렘 미용실,4,가성비 최고
2025-11-21 20:35:31.038226,설렘 미용실,5,매우 만족합니다.
2025-11-21 20:35:31.038227,설렘 미용실,5,사장님 친절해요
2025-11-21 20:35:31.038228,설렘 미용실,4,또 오고 싶어요
2025-11-21 20:35:31.038229,설렘 미용실,5,서비스 굿
2025-11-21 20:35:31.038230,설렘 미용실,5,자주 방문할게요
2025-11-21 20:35:31.038231,설렘 미용실,4,평범했어요
2025-11-21 20:35:31.038232,설렘 미용실,5,혜택 적용 잘 받았어요
2025-11-21 20:35:31.038233,설렘 미용실,5,가성비 최고
2025-11-21 20:35:31.038234,설렘 미용실,4,매우 만족합니다.
2025-11-21 20:35:31.038235,설렘 미용실,5,사장님 친절해요
2025-11-21 20:35:31.038236,설렘 미용실,5,또 오고 싶어요
2025-11-21 20:35:31.038237,설렘 미용실,4,서비스 굿
2025-11-21 20:35:31.038238,설렘 미용실,5,자주 방문할게요
2025-11-21 20:35:31.038239,CHOP헤어 건대로데오점,4,가성비 최고
2025-11-21 20:35:31.038240,CHOP헤어 건대로데오점,5,매우 만족합니다.
2025-11-21 20:35:31.038241,CHOP헤어 건대로데오점,5,사장님 친절해요
2025-11-21 20:35:31.038242,CHOP헤어 건대로데오점,4,또 오고 싶어요
2025-11-21 20:35:31.038243,CHOP헤어 건대로데오점,5,서비스 굿
2025-11-21 20:35:31.038244,CHOP헤어 건대로데오점,5,자주 방문할게요
2025-11-21 20:35:31.038245,CHOP헤어 건대로데오점,4,평범했어요
2025-11-21 20:35:31.038246,CHOP헤어 건대로데오점,5,혜택 적용 잘 받았어요
2025-11-21 20:35:31.038247,CHOP헤어 건대로데오점,5,가성비 최고
2025-11-21 20:35:31.038248,CHOP헤어 건대로데오점,4,매우 만족합니다.
2025-11-21 20:35:31.038249,CHOP헤어 건대로데오점,5,사장님 친절해요
2025-11-21 20:35:31.038250,CHOP헤어 건대로데오점,5,또 오고 싶어요
2025-11-21 20:35:31.038251,CHOP헤어 건대로데오점,4,서비스 굿
2025-11-21 20:35:31.038252,CHOP헤어 건대로데오점,5,자주 방문할게요
2025-11-21 20:35:31.038253,심쿵피어싱,5,혜택 적용 잘 받았어요
2025-11-21 20:35:31.038254,심쿵피어싱,4,가성비 최고
2025-11-21 20:35:31.038255,심쿵피어싱,5,매우 만족합니다.
2025-11-21 20:35:31.038256,심쿵피어싱,5,사장님 친절해요
2025-11-21 20:35:31.038257,심쿵피어싱,4,또 오고 싶어요
2025-11-21 20:35:31.038258,심쿵피어싱,5,서비스 굿
2025-11-21 20:35:31.038259,심쿵피어싱,5,자주 방문할게요
2025-11-21 20:35:31.038260,심쿵피어싱,4,평범했어요
2025-11-21 20:35:31.038261,심쿵피어싱,5,혜택 적용 잘 받았어요
2025-11-21 20:35:31.038262,심쿵피어싱,5,가성비 최고
2025-11-21 20:35:31.038263,심쿵피어싱,4,매우 만족합니다.
2025-11-21 20:35:31.038264,심쿵피어싱,5,사장님 친절해요
2025-11-21 20:35:31.038265,심쿵피어싱,5,또 오고 싶어요
2025-11-21 20:35:31.038266,심쿵피어싱,4,서비스 굿
2025-11-21 20:35:31.038267,심쿵피어싱,5,자주 방문할게요
2025-11-21 20:35:31.038268,바이진헤어 건대1호점,5,혜택 적용 잘 받았어요
2025-11-21 20:35:31.038269,바이진헤어 건대1호점,4,가성비 최고
2025-11-21 20:35:31.038270,바이진헤어 건대1호점,5,매우 만족합니다.
2025-11-21 20:35:31.038271,바이진헤어 건대1호점,5,사장님 친절해요
2025-11-21 20:35:31.038272,바이진헤어 건대1호점,4,또 오고 싶어요
2025-11-21 20:35:31.038273,바이진헤어 건대1호점,5,서비스 굿
2025-11-21 20:35:31.038274,바이진헤어 건대1호점,5,자주 방문할게요
2025-11-21 20:35:31.038275,바이진헤어 건대1호점,4,평범했어요
2025-11-21 20:35:31.038276,바이진헤어 건대1호점,5,혜택 적용 잘 받았어요
2025-11-21 20:35:31.038277,바이진헤어 건대1호점,5,가성비 최고
2025-11-21 20:35:31.038278,바이진헤어 건대1호점,4,매우 만족합니다.
2025-11-21 20:35:31.038279,바이진헤어 건대1호점,5,사장님 친절해요
2025-11-21 20:35:31.038280,바이진헤어 건대1호점,5,또 오고 싶어요
2025-11-21 20:35:31.038281,바이진헤어 건대1호점,4,서비스 굿
2025-11-21 20:35:31.038282,바이진헤어 건대1호점,5,자주 방문할게요
2025-11-21 20:35:31.038283,쭈꾸미도사 건대점,5,혜택 적용 잘 받았어요
2025-11-21 20:35:31.038284,쭈꾸미도사 건대점,4,가성비 최고
2025-11-21 20:35:31.038285,쭈꾸미도사 건대점,5,매우 만족합니다.
2025-11-21 20:35:31.038286,쭈꾸미도사 건대점,5,사장님 친절해요
2025-11-21 20:35:31.038287,쭈꾸미도사 건대점,4,또 오고 싶어요
2025-11-21 20:35:31.038288,쭈꾸미도사 건대점,5,서비스 굿
2025-11-21 20:35:31.038289,쭈꾸미도사 건대점,5,자주 방문할게요
2025-11-21 20:35:31.038290,쭈꾸미도사 건대점,4,평범했어요
2025-11-21 20:35:31.038291,쭈꾸미도사 건대점,5,혜택 적용 잘 받았어요
2025-11-21 20:35:31.038292,쭈꾸미도사 건대점,5,가성비 최고
2025-11-21 20:35:31.038293,쭈꾸미도사 건대점,4,매우 만족합니다.
2025-11-21 20:35:31.038294,쭈꾸미도사 건대점,5,사장님 친절해요
2025-11-21 20:35:31.038295,쭈꾸미도사 건대점,5,또 오고 싶어요
2025-11-21 20:35:31.038296,쭈꾸미도사 건대점,4,서비스 굿
2025-11-21 20:35:31.038297,쭈꾸미도사 건대점,5,자주 방문할게요
2025-11-21 20:35:31.038298,스시붐,5,혜택 적용 잘 받았어요
2025-11-21 20:35:31.038299,스시붐,4,가성비 최고
2025-11-21 20:35:31.038300,스시붐,5,매우 만족합니다.
2025-11-21 20:35:31.038301,스시붐,5,사장님 친절해요
2025-11-21 20:35:31.038302,스시붐,4,또 오고 싶어요
2025-11-21 20:35:31.038303,스시붐,5,서비스 굿
2025-11-21 20:35:31.038304,스시붐,5,자주 방문할게요
2025-11-21 20:35:31.038305,스시붐,4,평범했어요
2025-11-21 20:35:31.038306,스시붐,5,혜택 적용 잘 받았어요
2025-11-21 20:35:31.038307,스시붐,5,가성비 최고
2025-11-21 20:35:31.038308,스시붐,4,매우 만족합니다.
2025-11-21 20:35:31.038309,스시붐,5,사장님 친절해요
2025-11-21 20:35:31.038310,스시붐,5,또 오고 싶어요
2025-11-21 20:35:31.038311,스시붐,4,서비스 굿
2025-11-21 20:35:31.038312,스시붐,5,자주 방문할게요
2025-11-21 20:35:31.038313,천향마라탕,5,혜택 적용 잘 받았어요
2025-11-21 20:35:31.038314,천향마라탕,4,가성비 최고
2025-11-21 20:35:31.038315,천향마라탕,5,매우 만족합니다.
2025-11-21 20:35:31.038316,천향마라탕,5,사장님 친절해요
2025-11-21 20:35:31.038317,천향마라탕,4,또 오고 싶어요
2025-11-21 20:35:31.038318,천향마라탕,5,서비스 굿
2025-11-21 20:35:31.038319,천향마라탕,5,자주 방문할게요
2025-11-21 20:35:31.038320,천향마라탕,4,평범했어요
2025-11-21 20:35:31.038321,천향마라탕,5,혜택 적용 잘 받았어요
2025-11-21 20:35:31.038322,천향마라탕,5,가성비 최고
2025-11-21 20:35:31.038323,천향마라탕,4,매우 만족합니다.
2025-11-21 20:35:31.038324,천향마라탕,5,사장님 친절해요
2025-11-21 20:35:31.038325,천향마라탕,5,또 오고 싶어요
2025-11-21 20:35:31.038326,천향마라탕,4,서비스 굿
2025-11-21 20:35:31.038327,천향마라탕,5,자주 방문할게요
2025-11-21 20:35:31.038328,빕스 어린이대공원점,5,혜택 적용 잘 받았어요
2025-11-21 20:35:31.038329,빕스 어린이대공원점,4,가성비 최고
2025-11-21 20:35:31.038330,빕스 어린이대공원점,5,매우 만족합니다.
2025-11-21 20:35:31.038331,빕스 어린이대공원점,5,사장님 친절해요
2025-11-21 20:35:31.038332,빕스 어린이대공원점,4,또 오고 싶어요
2025-11-21 20:35:31.038333,빕스 어린이대공원점,5,서비스 굿
2025-11-21 20:35:31.038334,빕스 어린이대공원점,5,자주 방문할게요
2025-11-21 20:35:31.038335,빕스 어린이대공원점,4,평범했어요
2025-11-21 20:35:31.038336,빕스 어린이대공원점,5,혜택 적용 잘 받았어요
2025-11-21 20:35:31.038337,빕스 어린이대공원점,5,가성비 최고
2025-11-21 20:35:31.038338,빕스 어린이대공원점,4,매우 만족합니다.
2025-11-21 20:35:31.038339,빕스 어린이대공원점,5,사장님 친절해요
2025-11-21 20:35:31.038340,빕스 어린이대공원점,5,또 오고 싶어요
2025-11-21 20:35:31.038341,빕스 어린이대공원점,4,서비스 굿
2025-11-21 20:35:31.038342,빕스 어린이대공원점,5,자주 방문할게요
2025-11-21 20:35:31.038343,상상카츠 건대점,5,혜택 적용 잘 받았어요
2025-11-21 20:35:31.038344,상상카츠 건대점,4,가성비 최고
2025-11-21 20:35:31.038345,상상카츠 건대점,5,매우 만족합니다.
2025-11-21 20:35:31.038346,상상카츠 건대점,5,사장님 친절해요
2025-11-21 20:35:31.038347,상상카츠 건대점,4,또 오고 싶어요
2025-11-21 20:35:31.038348,상상카츠 건대점,5,서비스 굿
2025-11-21 20:35:31.038349,상상카츠 건대점,5,자주 방문할게요
2025-11-21 20:35:31.038350,상상카츠 건대점,4,평범했어요
2025-11-21 20:35:31.038351,상상카츠 건대점,5,혜택 적용 잘 받았어요
2025-11-21 20:35:31.038352,상상카츠 건대점,5,가성비 최고
2025-11-21 20:35:31.038353,상상카츠 건대점,4,매우 만족합니다.
2025-11-21 20:35:31.038354,상상카츠 건대점,5,사장님 친절해요
2025-11-21 20:35:31.038355,상상카츠 건대점,5,또 오고 싶어요
2025-11-21 20:35:31.038356,상상카츠 건대점,4,서비스 굿
2025-11-21 20:35:31.038357,상상카츠 건대점,5,자주 방문할게요
2025-11-21 20:35:31.038358,건대 장터국밥,5,혜택 적용 잘 받았어요
2025-11-21 20:35:31.038359,건대 장터국밥,4,가성비 최고
2025-11-21 20:35:31.038360,건대 장터국밥,5,매우 만족합니다.
2025-11-21 20:35:31.038361,건대 장터국밥,5,사장님 친절해요
2025-11-21 20:35:31.038362,건대 장터국밥,4,또 오고 싶어요
2025-11-21 20:35:31.038363,건대 장터국밥,5,서비스 굿
2025-11-21 20:35:31.038364,건대 장터국밥,5,자주 방문할게요
2025-11-21 20:35:31.038365,건대 장터국밥,4,평범했어요
2025-11-21 20:35:31.038366,건대 장터국밥,5,혜택 적용 잘 받았어요
2025-11-21 20:35:31.038367,건대 장터국밥,5,가성비 최고
2025-11-21 20:35:31.038368,건대 장터국밥,4,매우 만족합니다.
2025-11-21 20:35:31.038369,건대 장터국밥,5,사장님 친절해요
2025-11-21 20:35:31.038370,건대 장터국밥,5,또 오고 싶어요
2025-11-21 20:35:31.038371,건대 장터국밥,4,서비스 굿
2025-11-21 20:35:31.038372,건대 장터국밥,5,자주 방문할게요
2025-11-21 20:35:31.038373,건대냉면만두국밥,5,혜택 적용 잘 받았어요
2025-11-21 20:35:31.038374,건대냉면만두국밥,4,가성비 최고
2025-11-21 20:35:31.038375,건대냉면만두국밥,5,매우 만족합니다.
2025-11-21 20:35:31.038376,건대냉면만두국밥,5,사장님 친절해요
2025-11-21 20:35:31.038377,건대냉면만두국밥,4,또 오고 싶어요
2025-11-21 20:35:31.038378,건대냉면만두국밥,5,서비스 굿
2025-11-21 20:35:31.038379,건대냉면만두국밥,5,자주 방문할게요
2025-11-21 20:35:31.038380,건대냉면만두국밥,4,평범했어요
2025-11-21 20:35:31.038381,건대냉면만두국밥,5,혜택 적용 잘 받았어요
2025-11-21 20:35:31.038382,건대냉면만두국밥,5,가성비 최고
2025-11-21 20:35:31.038383,건대냉면만두국밥,4,매우 만족합니다.
2025-11-21 20:35:31.038384,건대냉면만두국밥,5,사장님 친절해요
2025-11-21 20:35:31.038385,건대냉면만두국밥,5,또 오고 싶어요
2025-11-21 20:35:31.038386,건대냉면만두국밥,4,서비스 굿
2025-11-21 20:35:31.038387,건대냉면만두국밥,5,자주 방문할게요
2025-11-21 20:35:31.038388,건대사시미,4,가성비 최고
2025-11-21 20:35:31.038389,건대사시미,5,매우 만족합니다.
2025-11-21 20:35:31.038390,건대사시미,5,사장님 친절해요
2025-11-21 20:35:31.038391,건대사시미,4,또 오고 싶어요
2025-11-21 20:35:31.038392,건대사시미,5,서비스 굿
2025-11-21 20:35:31.038393,건대사시미,5,자주 방문할게요
2025-11-21 20:35:31.038394,건대사시미,4,평범했어요
2025-11-21 20:35:31.038395,건대사시미,5,혜택 적용 잘 받았어요
2025-11-21 20:35:31.038396,건대사시미,5,가성비 최고
2025-11-21 20:35:31.038397,건대사시미,4,매우 만족합니다.
2025-11-21 20:35:31.038398,건대사시미,5,사장님 친절해요
2025-11-21 20:35:31.038399,건대사시미,5,또 오고 싶어요
2025-11-21 20:35:31.038400,건대사시미,4,서비스 굿
2025-11-21 20:35:31.038401,건대사시미,5,자주 방문할게요
2025-11-21 20:35:31.038402,고씨네 건국대점,5,혜택 적용 잘 받았어요
2025-11-21 20:35:31.038403,고씨네 건국대점,4,가성비 최고
2025-11-21 20:35:31.038404,고씨네 건국대점,5,매우 만족합니다.
2025-11-21 20:35:31.038405,고씨네 건국대점,5,사장님 친절해요
2025-11-21 20:35:31.038406,고씨네 건국대점,4,또 오고 싶어요
2025-11-21 20:35:31.038407,고씨네 건국대점,5,서비스 굿
2025-11-21 20:35:31.038408,고씨네 건국대점,5,자주 방문할게요
2025-11-21 20:35:31.038409,고씨네 건국대점,4,평범했어요
2025-11-21 20:35:31.038410,고씨네 건국대점,5,혜택 적용 잘 받았어요
2025-11-21 20:35:31.038411,고씨네 건국대점,5,가성비 최고
2025-11-21 20:35:31.038412,고씨네 건국대점,4,매우 만족합니다.
2025-11-21 20:35:31.038413,고씨네 건국대점,5,사장님 친절해요
2025-11-21 20:35:31.038414,고씨네 건국대점,5,또 오고 싶어요
2025-11-21 20:35:31.038415,고씨네 건국대점,4,서비스 굿
2025-11-21 20:35:31.038416,고씨네 건국대점,5,자주 방문할게요
2025-11-21 20:35:31.038417,기절초풍물닭갈비 자양점,5,혜택 적용 잘 받았어요
2025-11-21 20:35:31.038418,기절초풍물닭갈비 자양점,4,가성비 최고
2025-11-21 20:35:31.038419,기절초풍물닭갈비 자양점,5,매우 만족합니다.
2025-11-21 20:35:31.038420,기절초풍물닭갈비 자양점,5,사장님 친절해요
2025-11-21 20:35:31.038421,기절초풍물닭갈비 자양점,4,또 오고 싶어요
2025-11-21 20:35:31.038422,기절초풍물닭갈비 자양점,5,서비스 굿
2025-11-21 20:35:31.038423,기절초풍물닭갈비 자양점,5,자주 방문할게요
2025-11-21 20:35:31.038424,기절초풍물닭갈비 자양점,4,평범했어요
2025-11-21 20:35:31.038425,기절초풍물닭갈비 자양점,5,혜택 적용 잘 받았어요
2025-11-21 20:35:31.038426,기절초풍물닭갈비 자양점,5,가성비 최고
2025-11-21 20:35:31.038427,기절초풍물닭갈비 자양점,4,매우 만족합니다.
2025-11-21 20:35:31.038428,기절초풍물닭갈비 자양점,5,사장님 친절해요
2025-11-21 20:35:31.038429,기절초풍물닭갈비 자양점,5,또 오고 싶어요
2025-11-21 20:35:31.038430,기절초풍물닭갈비 자양점,4,서비스 굿
2025-11-21 20:35:31.038431,기절초풍물닭갈비 자양점,5,자주 방문할게요
2025-11-21 20:35:31.038432,노모어피자 구의점,5,혜택 적용 잘 받았어요
2025-11-21 20:35:31.038433,노모어피자 구의점,4,가성비 최고
2025-11-21 20:35:31.038434,노모어피자 구의점,5,매우 만족합니다.
2025-11-21 20:35:31.038435,노모어피자 구의점,5,사장님 친절해요
2025-11-21 20:35:31.038436,노모어피자 구의점,4,또 오고 싶어요
2025-11-21 20:35:31.038437,노모어피자 구의점,5,서비스 굿
2025-11-21 20:35:31.038438,노모어피자 구의점,5,자주 방문할게요
2025-11-21 20:35:31.038439,노모어피자 구의점,4,평범했어요
2025-11-21 20:35:31.038440,노모어피자 구의점,5,혜택 적용 잘 받았어요
2025-11-21 20:35:31.038441,노모어피자 구의점,5,가성비 최고
2025-11-21 20:35:31.038442,노모어피자 구의점,4,매우 만족합니다.
2025-11-21 20:35:31.038443,노모어피자 구의점,5,사장님 친절해요
2025-11-21 20:35:31.038444,노모어피자 구의점,5,또 오고 싶어요
2025-11-21 20:35:31.038445,노모어피자 구의점,4,서비스 굿
2025-11-21 20:35:31.038446,노모어피자 구의점,5,자주 방문할게요
2025-11-21 20:35:31.038447,돈조은날삼겹살,5,혜택 적용 잘 받았어요
2025-11-21 20:35:31.038448,돈조은날삼겹살,4,가성비 최고
2025-11-21 20:35:31.038449,돈조은날삼겹살,5,매우 만족합니다.
2025-11-21 20:35:31.038450,돈조은날삼겹살,5,사장님 친절해요
2025-11-21 20:35:31.038451,돈조은날삼겹살,4,또 오고 싶어요
2025-11-21 20:35:31.038452,돈조은날삼겹살,5,서비스 굿
2025-11-21 20:35:31.038453,돈조은날삼겹살,5,자주 방문할게요
2025-11-21 20:35:31.038454,돈조은날삼겹살,4,평범했어요
2025-11-21 20:35:31.038455,돈조은날삼겹살,5,혜택 적용 잘 받았어요
2025-11-21 20:35:31.038456,돈조은날삼겹살,5,가성비 최고
2025-11-21 20:35:31.038457,돈조은날삼겹살,4,매우 만족합니다.
2025-11-21 20:35:31.038458,돈조은날삼겹살,5,사장님 친절해요
2025-11-21 20:35:31.038459,돈조은날삼겹살,5,또 오고 싶어요
2025-11-21 20:35:31.038460,돈조은날삼겹살,4,서비스 굿
2025-11-21 20:35:31.038461,돈조은날삼겹살,5,자주 방문할게요
2025-11-21 20:35:31.038462,돕감자탕전문점,4,가성비 최고
2025-11-21 20:35:31.038463,돕감자탕전문점,5,매우 만족합니다.
2025-11-21 20:35:31.038464,돕감자탕전문점,5,사장님 친절해요
2025-11-21 20:35:31.038465,돕감자탕전문점,4,또 오고 싶어요
2025-11-21 20:35:31.038466,돕감자탕전문점,5,서비스 굿
2025-11-21 20:35:31.038467,돕감자탕전문점,5,자주 방문할게요
2025-11-21 20:35:31.038468,돕감자탕전문점,4,평범했어요
2025-11-21 20:35:31.038469,돕감자탕전문점,5,혜택 적용 잘 받았어요
2025-11-21 20:35:31.038470,돕감자탕전문점,5,가성비 최고
2025-11-21 20:35:31.038471,돕감자탕전문점,4,매우 만족합니다.
2025-11-21 20:35:31.038472,돕감자탕전문점,5,사장님 친절해요
2025-11-21 20:35:31.038473,돕감자탕전문점,5,또 오고 싶어요
2025-11-21 20:35:31.038474,돕감자탕전문점,4,서비스 굿
2025-11-21 20:35:31.038475,돕감자탕전문점,5,자주 방문할게요
2025-11-21 20:35:31.038476,드로잉레시피,5,혜택 적용 잘 받았어요
2025-11-21 20:35:31.038477,드로잉레시피,4,가성비 최고
2025-11-21 20:35:31.038478,드로잉레시피,5,매우 만족합니다.
2025-11-21 20:35:31.038479,드로잉레시피,5,사장님 친절해요
2025-11-21 20:35:31.038480,드로잉레시피,4,또 오고 싶어요
2025-11-21 20:35:31.038481,드로잉레시피,5,서비스 굿
2025-11-21 20:35:31.038482,드로잉레시피,5,자주 방문할게요
2025-11-21 20:35:31.038483,드로잉레시피,4,평범했어요
2025-11-21 20:35:31.038484,드로잉레시피,5,혜택 적용 잘 받았어요
2025-11-21 20:35:31.038485,드로잉레시피,5,가성비 최고
2025-11-21 20:35:31.038486,드로잉레시피,4,매우 만족합니다.
2025-11-21 20:35:31.038487,드로잉레시피,5,사장님 친절해요
2025-11-21 20:35:31.038488,드로잉레시피,5,또 오고 싶어요
2025-11-21 20:35:31.038489,드로잉레시피,4,서비스 굿
2025-11-21 20:35:31.038490,드로잉레시피,5,자주 방문할게요
2025-11-21 20:35:31.038491,로니로티 건대점,5,혜택 적용 잘 받았어요
2025-11-21 20:35:31.038492,로니로티 건대점,4,가성비 최고
2025-11-21 20:35:31.038493,로니로티 건대점,5,매우 만족합니다.
2025-11-21 20:35:31.038494,로니로티 건대점,5,사장님 친절해요
2025-11-21 20:35:31.038495,로니로티 건대점,4,또 오고 싶어요
2025-11-21 20:35:31.038496,로니로티 건대점,5,서비스 굿
2025-11-21 20:35:31.038497,로니로티 건대점,5,자주 방문할게요
2025-11-21 20:35:31.038498,로니로티 건대점,4,평범했어요
2025-11-21 20:35:31.038499,로니로티 건대점,5,혜택 적용 잘 받았어요
2025-11-21 20:35:31.038500,로니로티 건대점,5,가성비 최고
2025-11-21 20:35:31.038501,로니로티 건대점,4,매우 만족합니다.
2025-11-21 20:35:31.038502,로니로티 건대점,5,사장님 친절해요
2025-11-21 20:35:31.038503,로니로티 건대점,5,또 오고 싶어요
2025-11-21 20:35:31.038504,로니로티 건대점,4,서비스 굿
2025-11-21 20:35:31.038505,로니로티 건대점,5,자주 방문할게요
2025-11-21 20:35:31.038506,만원수산 건대점,5,혜택 적용 잘 받았어요
2025-11-21 20:35:31.038507,만원수산 건대점,4,가성비 최고
2025-11-21 20:35:31.038508,만원수산 건대점,5,매우 만족합니다.
2025-11-21 20:35:31.038509,만원수산 건대점,5,사장님 친절해요
2025-11-21 20:35:31.038510,만원수산 건대점,4,또 오고 싶어요
2025-11-21 20:35:31.038511,만원수산 건대점,5,서비스 굿
2025-11-21 20:35:31.038512,만원수산 건대점,5,자주 방문할게요
2025-11-21 20:35:31.038513,만원수산 건대점,4,평범했어요
2025-11-21 20:35:31.038514,만원수산 건대점,5,혜택 적용 잘 받았어요
2025-11-21 20:35:31.038515,만원수산 건대점,5,가성비 최고
2025-11-21 20:35:31.038516,만원수산 건대점,4,매우 만족합니다.
2025-11-21 20:35:31.038517,만원수산 건대점,5,사장님 친절해요
2025-11-21 20:35:31.038518,만원수산 건대점,5,또 오고 싶어요
2025-11-21 20:35:31.038519,만원수산 건대점,4,서비스 굿
2025-11-21 20:35:31.038520,만원수산 건대점,5,자주 방문할게요
2025-11-21 20:35:31.038521,메이빌 본점,5,혜택 적용 잘 받았어요
2025-11-21 20:35:31.038522,메이빌 본점,4,가성비 최고
2025-11-21 20:35:31.038523,메이빌 본점,5,매우 만족합니다.
2025-11-21 20:35:31.038524,메이빌 본점,5,사장님 친절해요
2025-11-21 20:35:31.038525,메이빌 본점,4,또 오고 싶어요
2025-11-21 20:35:31.038526,메이빌 본점,5,서비스 굿
2025-11-21 20:35:31.038527,메이빌 본점,5,자주 방문할게요
2025-11-21 20:35:31.038528,메이빌 본점,4,평범했어요
2025-11-21 20:35:31.038529,메이빌 본점,5,혜택 적용 잘 받았어요
2025-11-21 20:35:31.038530,메이빌 본점,5,가성비 최고
2025-11-21 20:35:31.038531,메이빌 본점,4,매우 만족합니다.
2025-11-21 20:35:31.038532,메이빌 본점,5,사장님 친절해요
2025-11-21 20:35:31.038533,메이빌 본점,5,또 오고 싶어요
2025-11-21 20:35:31.038534,메이빌 본점,4,서비스 굿
2025-11-21 20:35:31.038535,메이빌 본점,5,자주 방문할게요
2025-11-21 20:35:31.038536,명봉양꼬치 건대본점,5,혜택 적용 잘 받았어요
2025-11-21 20:35:31.038537,명봉양꼬치 건대본점,4,가성비 최고
2025-11-21 20:35:31.038538,명봉양꼬치 건대본점,5,매우 만족합니다.
2025-11-21 20:35:31.038539,명봉양꼬치 건대본점,5,사장님 친절해요
2025-11-21 20:35:31.038540,명봉양꼬치 건대본점,4,또 오고 싶어요
2025-11-21 20:35:31.038541,명봉양꼬치 건대본점,5,서비스 굿
2025-11-21 20:35:31.038542,명봉양꼬치 건대본점,5,자주 방문할게요
2025-11-21 20:35:31.038543,명봉양꼬치 건대본점,4,평범했어요
2025-11-21 20:35:31.038544,명봉양꼬치 건대본점,5,혜택 적용 잘 받았어요
2025-11-21 20:35:31.038545,명봉양꼬치 건대본점,5,가성비 최고
2025-11-21 20:35:31.038546,명봉양꼬치 건대본점,4,매우 만족합니다.
2025-11-21 20:35:31.038547,명봉양꼬치 건대본점,5,사장님 친절해요
2025-11-21 20:35:31.038548,명봉양꼬치 건대본점,5,또 오고 싶어요
2025-11-21 20:35:31.038549,명봉양꼬치 건대본점,4,서비스 굿
2025-11-21 20:35:31.038550,명봉양꼬치 건대본점,5,자주 방문할게요
2025-11-21 20:35:31.038551,사잇집,5,혜택 적용 잘 받았어요
2025-11-21 20:35:31.038552,사잇집,4,가성비 최고
2025-11-21 20:35:31.038553,사잇집,5,매우 만족합니다.
2025-11-21 20:35:31.038554,사잇집,5,사장님 친절해요
2025-11-21 20:35:31.038555,사잇집,4,또 오고 싶어요
2025-11-21 20:35:31.038556,사잇집,5,서비스 굿
2025-11-21 20:35:31.038557,사잇집,5,자주 방문할게요
2025-11-21 20:35:31.038558,사잇집,4,평범했어요
2025-11-21 20:35:31.038559,사잇집,5,혜택 적용 잘 받았어요
2025-11-21 20:35:31.038560,사잇집,5,가성비 최고
2025-11-21 20:35:31.038561,사잇집,4,매우 만족합니다.
2025-11-21 20:35:31.038562,사잇집,5,사장님 친절해요
2025-11-21 20:35:31.038563,사잇집,5,또 오고 싶어요
2025-11-21 20:35:31.038564,사잇집,4,서비스 굿
2025-11-21 20:35:31.038565,사잇집,5,자주 방문할게요
2025-11-21 20:35:31.038566,새마을식당 건대점,5,혜택 적용 잘 받았어요
2025-11-21 20:35:31.038567,새마을식당 건대점,4,가성비 최고
2025-11-21 20:35:31.038568,새마을식당 건대점,5,매우 만족합니다.
2025-11-21 20:35:31.038569,새마을식당 건대점,5,사장님 친절해요
2025-11-21 20:35:31.038570,새마을식당 건대점,4,또 오고 싶어요
2025-11-21 20:35:31.038571,새마을식당 건대점,5,서비스 굿
2025-11-21 20:35:31.038572,새마을식당 건대점,5,자주 방문할게요
2025-11-21 20:35:31.038573,새마을식당 건대점,4,평범했어요
2025-11-21 20:35:31.038574,새마을식당 건대점,5,혜택 적용 잘 받았어요
2025-11-21 20:35:31.038575,새마을식당 건대점,5,가성비 최고
2025-11-21 20:35:31.038576,새마을식당 건대점,4,매우 만족합니다.
2025-11-21 20:35:31.038577,새마을식당 건대점,5,사장님 친절해요
2025-11-21 20:35:31.038578,새마을식당 건대점,5,또 오고 싶어요
2025-11-21 20:35:31.038579,새마을식당 건대점,4,서비스 굿
2025-11-21 20:35:31.038580,새마을식당 건대점,5,자주 방문할게요
2025-11-21 20:35:31.038581,소문난닭칼국수닭곰탕,5,혜택 적용 잘 받았어요
2025-11-21 20:35:31.038582,소문난닭칼국수닭곰탕,4,가성비 최고
2025-11-21 20:35:31.038583,소문난닭칼국수닭곰탕,5,매우 만족합니다.
2025-11-21 20:35:31.038584,소문난닭칼국수닭곰탕,5,사장님 친절해요
2025-11-21 20:35:31.038585,소문난닭칼국수닭곰탕,4,또 오고 싶어요
2025-11-21 20:35:31.038586,소문난닭칼국수닭곰탕,5,서비스 굿
2025-11-21 20:35:31.038587,소문난닭칼국수닭곰탕,5,자주 방문할게요
2025-11-21 20:35:31.038588,소문난닭칼국수닭곰탕,4,평범했어요
2025-11-21 20:35:31.038589,소문난닭칼국수닭곰탕,5,혜택 적용 잘 받았어요
2025-11-21 20:35:31.038590,소문난닭칼국수닭곰탕,5,가성비 최고
2025-11-21 20:35:31.038591,소문난닭칼국수닭곰탕,4,매우 만족합니다.
2025-11-21 20:35:31.038592,소문난닭칼국수닭곰탕,5,사장님 친절해요
2025-11-21 20:35:31.038593,소문난닭칼국수닭곰탕,5,또 오고 싶어요
2025-11-21 20:35:31.038594,소문난닭칼국수닭곰탕,4,서비스 굿
2025-11-21 20:35:31.038595,소문난닭칼국수닭곰탕,5,자주 방문할게요
2025-11-21 20:35:31.038596,시옌,5,혜택 적용 잘 받았어요
2025-11-21 20:35:31.038597,시옌,4,가성비 최고
2025-11-21 20:35:31.038598,시옌,5,매우 만족합니다.
2025-11-21 20:35:31.038599,시옌,5,사장님 친절해요
2025-11-21 20:35:31.038600,시옌,4,또 오고 싶어요
2025-11-21 20:35:31.038601,시옌,5,서비스 굿
2025-11-21 20:35:31.038602,시옌,5,자주 방문할게요
2025-11-21 20:35:31.038603,시옌,4,평범했어요
2025-11-21 20:35:31.038604,시옌,5,혜택 적용 잘 받았어요
2025-11-21 20:35:31.038605,시옌,5,가성비 최고
2025-11-21 20:35:31.038606,시옌,4,매우 만족합니다.
2025-11-21 20:35:31.038607,시옌,5,사장님 친절해요
2025-11-21 20:35:31.038608,시옌,5,또 오고 싶어요
2025-11-21 20:35:31.038609,시옌,4,서비스 굿
2025-11-21 20:35:31.038610,시옌,5,자주 방문할게요
2025-11-21 20:35:31.038611,신사소곱창 건대점,5,혜택 적용 잘 받았어요
2025-11-21 20:35:31.038612,신사소곱창 건대점,4,가성비 최고
2025-11-21 20:35:31.038613,신사소곱창 건대점,5,매우 만족합니다.
2025-11-21 20:35:31.038614,신사소곱창 건대점,5,사장님 친절해요
2025-11-21 20:35:31.038615,신사소곱창 건대점,4,또 오고 싶어요
2025-11-21 20:35:31.038616,신사소곱창 건대점,5,서비스 굿
2025-11-21 20:35:31.038617,신사소곱창 건대점,5,자주 방문할게요
2025-11-21 20:35:31.038618,신사소곱창 건대점,4,평범했어요
2025-11-21 20:35:31.038619,신사소곱창 건대점,5,혜택 적용 잘 받았어요
2025-11-21 20:35:31.038620,신사소곱창 건대점,5,가성비 최고
2025-11-21 20:35:31.038621,신사소곱창 건대점,4,매우 만족합니다.
2025-11-21 20:35:31.038622,신사소곱창 건대점,5,사장님 친절해요
2025-11-21 20:35:31.038623,신사소곱창 건대점,5,또 오고 싶어요
2025-11-21 20:35:31.038624,신사소곱창 건대점,4,서비스 굿
2025-11-21 20:35:31.038625,신사소곱창 건대점,5,자주 방문할게요
2025-11-21 20:35:31.038626,양밍위 황먼지 미판 건대본점,5,혜택 적용 잘 받았어요
2025-11-21 20:35:31.038627,양밍위 황먼지 미판 건대본점,4,가성비 최고
2025-11-21 20:35:31.038628,양밍위 황먼지 미판 건대본점,5,매우 만족합니다.
2025-11-21 20:35:31.038629,양밍위 황먼지 미판 건대본점,5,사장님 친절해요
2025-11-21 20:35:31.038630,양밍위 황먼지 미판 건대본점,4,또 오고 싶어요
2025-11-21 20:35:31.038631,양밍위 황먼지 미판 건대본점,5,서비스 굿
2025-11-21 20:35:31.038632,양밍위 황먼지 미판 건대본점,5,자주 방문할게요
2025-11-21 20:35:31.038633,양밍위 황먼지 미판 건대본점,4,평범했어요
2025-11-21 20:35:31.038634,양밍위 황먼지 미판 건대본점,5,혜택 적용 잘 받았어요
2025-11-21 20:35:31.038635,양밍위 황먼지 미판 건대본점,5,가성비 최고
2025-11-21 20:35:31.038636,양밍위 황먼지 미판 건대본점,4,매우 만족합니다.
2025-11-21 20:35:31.038637,양밍위 황먼지 미판 건대본점,5,사장님 친절해요
2025-11-21 20:35:31.038638,양밍위 황먼지 미판 건대본점,5,또 오고 싶어요
2025-11-21 20:35:31.038639,양밍위 황먼지 미판 건대본점,4,서비스 굿
2025-11-21 20:35:31.038640,양밍위 황먼지 미판 건대본점,5,자주 방문할게요
2025-11-21 20:35:31.038641,언더다이닝 건대본점,5,혜택 적용 잘 받았어요
2025-11-21 20:35:31.038642,언더다이닝 건대본점,4,가성비 최고
2025-11-21 20:35:31.038643,언더다이닝 건대본점,5,매우 만족합니다.
2025-11-21 20:35:31.038644,언더다이닝 건대본점,5,사장님 친절해요
2025-11-21 20:35:31.038645,언더다이닝 건대본점,4,또 오고 싶어요
2025-11-21 20:35:31.038646,언더다이닝 건대본점,5,서비스 굿
2025-11-21 20:35:31.038647,언더다이닝 건대본점,5,자주 방문할게요
2025-11-21 20:35:31.038648,언더다이닝 건대본점,4,평범했어요
2025-11-21 20:35:31.038649,언더다이닝 건대본점,5,혜택 적용 잘 받았어요
2025-11-21 20:35:31.038650,언더다이닝 건대본점,5,가성비 최고
2025-11-21 20:35:31.038651,언더다이닝 건대본점,4,매우 만족합니다.
2025-11-21 20:35:31.038652,언더다이닝 건대본점,5,사장님 친절해요
2025-11-21 20:35:31.038653,언더다이닝 건대본점,5,또 오고 싶어요
2025-11-21 20:35:31.038654,언더다이닝 건대본점,4,서비스 굿
2025-11-21 20:35:31.038655,언더다이닝 건대본점,5,자주 방문할게요
2025-11-21 20:35:31.038656,얼라이브도우,5,혜택 적용 잘 받았어요
2025-11-21 20:35:31.038657,얼라이브도우,4,가성비 최고
2025-11-21 20:35:31.038658,얼라이브도우,5,매우 만족합니다.
2025-11-21 20:35:31.038659,얼라이브도우,5,사장님 친절해요
2025-11-21 20:35:31.038660,얼라이브도우,4,또 오고 싶어요
2025-11-21 20:35:31.038661,얼라이브도우,5,서비스 굿
2025-11-21 20:35:31.038662,얼라이브도우,5,자주 방문할게요
2025-11-21 20:35:31.038663,얼라이브도우,4,평범했어요
2025-11-21 20:35:31.038664,얼라이브도우,5,혜택 적용 잘 받았어요
2025-11-21 20:35:31.038665,얼라이브도우,5,가성비 최고
2025-11-21 20:35:31.038666,얼라이브도우,4,매우 만족합니다.
2025-11-21 20:35:31.038667,얼라이브도우,5,사장님 친절해요
2025-11-21 20:35:31.038668,얼라이브도우,5,또 오고 싶어요
2025-11-21 20:35:31.038669,얼라이브도우,4,서비스 굿
2025-11-21 20:35:31.038670,얼라이브도우,5,자주 방문할게요
2025-11-21 20:35:31.038671,연탄불꿀곱창,5,혜택 적용 잘 받았어요
2025-11-21 20:35:31.038672,연탄불꿀곱창,4,가성비 최고
2025-11-21 20:35:31.038673,연탄불꿀곱창,5,매우 만족합니다.
2025-11-21 20:35:31.038674,연탄불꿀곱창,5,사장님 친절해요
2025-11-21 20:35:31.038675,연탄불꿀곱창,4,또 오고 싶어요
2025-11-21 20:35:31.038676,연탄불꿀곱창,5,서비스 굿
2025-11-21 20:35:31.038677,연탄불꿀곱창,5,자주 방문할게요
2025-11-21 20:35:31.038678,연탄불꿀곱창,4,평범했어요
2025-11-21 20:35:31.038679,연탄불꿀곱창,5,혜택 적용 잘 받았어요
2025-11-21 20:35:31.038680,연탄불꿀곱창,5,가성비 최고
2025-11-21 20:35:31.038681,연탄불꿀곱창,4,매우 만족합니다.
2025-11-21 20:35:31.038682,연탄불꿀곱창,5,사장님 친절해요
2025-11-21 20:35:31.038683,연탄불꿀곱창,5,또 오고 싶어요
2025-11-21 20:35:31.038684,연탄불꿀곱창,4,서비스 굿
2025-11-21 20:35:31.038685,연탄불꿀곱창,5,자주 방문할게요
2025-11-21 20:35:31.038686,열불날개 건대본점,5,혜택 적용 잘 받았어요
2025-11-21 20:35:31.038687,열불날개 건대본점,4,가성비 최고
2025-11-21 20:35:31.038688,열불날개 건대본점,5,매우 만족합니다.
2025-11-21 20:35:31.038689,열불날개 건대본점,5,사장님 친절해요
2025-11-21 20:35:31.038690,열불날개 건대본점,4,또 오고 싶어요
2025-11-21 20:35:31.038691,열불날개 건대본점,5,서비스 굿
2025-11-21 20:35:31.038692,열불날개 건대본점,5,자주 방문할게요
2025-11-21 20:35:31.038693,열불날개 건대본점,4,평범했어요
2025-11-21 20:35:31.038694,열불날개 건대본점,5,혜택 적용 잘 받았어요
2025-11-21 20:35:31.038695,열불날개 건대본점,5,가성비 최고
2025-11-21 20:35:31.038696,열불날개 건대본점,4,매우 만족합니다.
2025-11-21 20:35:31.038697,열불날개 건대본점,5,사장님 친절해요
2025-11-21 20:35:31.038698,열불날개 건대본점,5,또 오고 싶어요
2025-11-21 20:35:31.038699,열불날개 건대본점,4,서비스 굿
2025-11-21 20:35:31.038700,열불날개 건대본점,5,자주 방문할게요
2025-11-21 20:35:31.038701,원조자양감자탕,5,혜택 적용 잘 받았어요
2025-11-21 20:35:31.038702,원조자양감자탕,4,가성비 최고
2025-11-21 20:35:31.038703,원조자양감자탕,5,매우 만족합니다.
2025-11-21 20:35:31.038704,원조자양감자탕,5,사장님 친절해요
2025-11-21 20:35:31.038705,원조자양감자탕,4,또 오고 싶어요
2025-11-21 20:35:31.038706,원조자양감자탕,5,서비스 굿
2025-11-21 20:35:31.038707,원조자양감자탕,5,자주 방문할게요
2025-11-21 20:35:31.038708,원조자양감자탕,4,평범했어요
2025-11-21 20:35:31.038709,원조자양감자탕,5,혜택 적용 잘 받았어요
2025-11-21 20:35:31.038710,원조자양감자탕,5,가성비 최고
2025-11-21 20:35:31.038711,원조자양감자탕,4,매우 만족합니다.
2025-11-21 20:35:31.038712,원조자양감자탕,5,사장님 친절해요
2025-11-21 20:35:31.038713,원조자양감자탕,5,또 오고 싶어요
2025-11-21 20:35:31.038714,원조자양감자탕,4,서비스 굿
2025-11-21 20:35:31.038715,원조자양감자탕,5,자주 방문할게요
2025-11-21 20:35:31.038716,육회한연어 건대점,5,혜택 적용 잘 받았어요
2025-11-21 20:35:31.038717,육회한연어 건대점,4,가성비 최고
2025-11-21 20:35:31.038718,육회한연어 건대점,5,매우 만족합니다.
2025-11-21 20:35:31.038719,육회한연어 건대점,5,사장님 친절해요
2025-11-21 20:35:31.038720,육회한연어 건대점,4,또 오고 싶어요
2025-11-21 20:35:31.038721,육회한연어 건대점,5,서비스 굿
2025-11-21 20:35:31.038722,육회한연어 건대점,5,자주 방문할게요
2025-11-21 20:35:31.038723,육회한연어 건대점,4,평범했어요
2025-11-21 20:35:31.038724,육회한연어 건대점,5,혜택 적용 잘 받았어요
2025-11-21 20:35:31.038725,육회한연어 건대점,5,가성비 최고
2025-11-21 20:35:31.038726,육회한연어 건대점,4,매우 만족합니다.
2025-11-21 20:35:31.038727,육회한연어 건대점,5,사장님 친절해요
2025-11-21 20:35:31.038728,육회한연어 건대점,5,또 오고 싶어요
2025-11-21 20:35:31.038729,육회한연어 건대점,4,서비스 굿
2025-11-21 20:35:31.038730,육회한연어 건대점,5,자주 방문할게요
2025-11-21 20:35:31.038731,이항아,5,혜택 적용 잘 받았어요
2025-11-21 20:35:31.038732,이항아,4,가성비 최고
2025-11-21 20:35:31.038733,이항아,5,매우 만족합니다.
2025-11-21 20:35:31.038734,이항아,5,사장님 친절해요
2025-11-21 20:35:31.038735,이항아,4,또 오고 싶어요
2025-11-21 20:35:31.038736,이항아,5,서비스 굿
2025-11-21 20:35:31.038737,이항아,5,자주 방문할게요
2025-11-21 20:35:31.038738,이항아,4,평범했어요
2025-11-21 20:35:31.038739,이항아,5,혜택 적용 잘 받았어요
2025-11-21 20:35:31.038740,이항아,5,가성비 최고
2025-11-21 20:35:31.038741,이항아,4,매우 만족합니다.
2025-11-21 20:35:31.038742,이항아,5,사장님 친절해요
2025-11-21 20:35:31.038743,이항아,5,또 오고 싶어요
2025-11-21 20:35:31.038744,이항아,4,서비스 굿
2025-11-21 20:35:31.038745,이항아,5,자주 방문할게요
2025-11-21 20:35:31.038746,재희네식당,5,혜택 적용 잘 받았어요
2025-11-21 20:35:31.038747,재희네식당,4,가성비 최고
2025-11-21 20:35:31.038748,재희네식당,5,매우 만족합니다.
2025-11-21 20:35:31.038749,재희네식당,5,사장님 친절해요
2025-11-21 20:35:31.038750,재희네식당,4,또 오고 싶어요
2025-11-21 20:35:31.038751,재희네식당,5,서비스 굿
2025-11-21 20:35:31.038752,재희네식당,5,자주 방문할게요
2025-11-21 20:35:31.038753,재희네식당,4,평범했어요
2025-11-21 20:35:31.038754,재희네식당,5,혜택 적용 잘 받았어요
2025-11-21 20:35:31.038755,재희네식당,5,가성비 최고
2025-11-21 20:35:31.038756,재희네식당,4,매우 만족합니다.
2025-11-21 20:35:31.038757,재희네식당,5,사장님 친절해요
2025-11-21 20:35:31.038758,재희네식당,5,또 오고 싶어요
2025-11-21 20:35:31.038759,재희네식당,4,서비스 굿
2025-11-21 20:35:31.038760,재희네식당,5,자주 방문할게요
2025-11-21 20:35:31.038761,정직유부 건대점,5,혜택 적용 잘 받았어요
2025-11-21 20:35:31.038762,정직유부 건대점,4,가성비 최고
2025-11-21 20:35:31.038763,정직유부 건대점,5,매우 만족합니다.
2025-11-21 20:35:31.038764,정직유부 건대점,5,사장님 친절해요
2025-11-21 20:35:31.038765,정직유부 건대점,4,또 오고 싶어요
2025-11-21 20:35:31.038766,정직유부 건대점,5,서비스 굿
2025-11-21 20:35:31.038767,정직유부 건대점,5,자주 방문할게요
2025-11-21 20:35:31.038768,정직유부 건대점,4,평범했어요
2025-11-21 20:35:31.038769,정직유부 건대점,5,혜택 적용 잘 받았어요
2025-11-21 20:35:31.038770,정직유부 건대점,5,가성비 최고
2025-11-21 20:35:31.038771,정직유부 건대점,4,매우 만족합니다.
2025-11-21 20:35:31.038772,정직유부 건대점,5,사장님 친절해요
2025-11-21 20:35:31.038773,정직유부 건대점,5,또 오고 싶어요
2025-11-21 20:35:31.038774,정직유부 건대점,4,서비스 굿
2025-11-21 20:35:31.038775,정직유부 건대점,5,자주 방문할게요
2025-11-21 20:35:31.038776,주먹구구,4,가성비 최고
2025-11-21 20:35:31.038777,주먹구구,5,매우 만족합니다.
2025-11-21 20:35:31.038778,주먹구구,5,사장님 친절해요
2025-11-21 20:35:31.038779,주먹구구,4,또 오고 싶어요
2025-11-21 20:35:31.038780,주먹구구,5,서비스 굿
2025-11-21 20:35:31.038781,주먹구구,5,자주 방문할게요
2025-11-21 20:35:31.038782,주먹구구,4,평범했어요
2025-11-21 20:35:31.038783,주먹구구,5,혜택 적용 잘 받았어요
2025-11-21 20:35:31.038784,주먹구구,5,가성비 최고
2025-11-21 20:35:31.038785,주먹구구,4,매우 만족합니다.
2025-11-21 20:35:31.038786,주먹구구,5,사장님 친절해요
2025-11-21 20:35:31.038787,주먹구구,5,또 오고 싶어요
2025-11-21 20:35:31.038788,주먹구구,4,서비스 굿
2025-11-21 20:35:31.038789,주먹구구,5,자주 방문할게요
2025-11-21 20:35:31.038790,쪽갈비,5,혜택 적용 잘 받았어요
2025-11-21 20:35:31.038791,쪽갈비,4,가성비 최고
2025-11-21 20:35:31.038792,쪽갈비,5,매우 만족합니다.
2025-11-21 20:35:31.038793,쪽갈비,5,사장님 친절해요
2025-11-21 20:35:31.038794,쪽갈비,4,또 오고 싶어요
2025-11-21 20:35:31.038795,쪽갈비,5,서비스 굿
2025-11-21 20:35:31.038796,쪽갈비,5,자주 방문할게요
2025-11-21 20:35:31.038797,쪽갈비,4,평범했어요
2025-11-21 20:35:31.038798,쪽갈비,5,혜택 적용 잘 받았어요
2025-11-21 20:35:31.038799,쪽갈비,5,가성비 최고
2025-11-21 20:35:31.038800,쪽갈비,4,매우 만족합니다.
2025-11-21 20:35:31.038801,쪽갈비,5,사장님 친절해요
2025-11-21 20:35:31.038802,쪽갈비,5,또 오고 싶어요
2025-11-21 20:35:31.038803,쪽갈비,4,서비스 굿
2025-11-21 20:35:31.038804,쪽갈비,5,자주 방문할게요
2025-11-21 20:35:31.038805,최신족발,5,혜택 적용 잘 받았어요
2025-11-21 20:35:31.038806,최신족발,4,가성비 최고
2025-11-21 20:35:31.038807,최신족발,5,매우 만족합니다.
2025-11-21 20:35:31.038808,최신족발,5,사장님 친절해요
2025-11-21 20:35:31.038809,최신족발,4,또 오고 싶어요
2025-11-21 20:35:31.038810,최신족발,5,서비스 굿
2025-11-21 20:35:31.038811,최신족발,5,자주 방문할게요
2025-11-21 20:35:31.038812,최신족발,4,평범했어요
2025-11-21 20:35:31.038813,최신족발,5,혜택 적용 잘 받았어요
2025-11-21 20:35:31.038814,최신족발,5,가성비 최고
2025-11-21 20:35:31.038815,최신족발,4,매우 만족합니다.
2025-11-21 20:35:31.038816,최신족발,5,사장님 친절해요
2025-11-21 20:35:31.038817,최신족발,5,또 오고 싶어요
2025-11-21 20:35:31.038818,최신족발,4,서비스 굿
2025-11-21 20:35:31.038819,최신족발,5,자주 방문할게요
2025-11-21 20:35:31.038820,코코도리,5,혜택 적용 잘 받았어요
2025-11-21 20:35:31.038821,코코도리,4,가성비 최고
2025-11-21 20:35:31.038822,코코도리,5,매우 만족합니다.
2025-11-21 20:35:31.038823,코코도리,5,사장님 친절해요
2025-11-21 20:35:31.038824,코코도리,4,또 오고 싶어요
2025-11-21 20:35:31.038825,코코도리,5,서비스 굿
2025-11-21 20:35:31.038826,코코도리,5,자주 방문할게요
2025-11-21 20:35:31.038827,코코도리,4,평범했어요
2025-11-21 20:35:31.038828,코코도리,5,혜택 적용 잘 받았어요
2025-11-21 20:35:31.038829,코코도리,5,가성비 최고
2025-11-21 20:35:31.038830,코코도리,4,매우 만족합니다.
2025-11-21 20:35:31.038831,코코도리,5,사장님 친절해요
2025-11-21 20:35:31.038832,코코도리,5,또 오고 싶어요
2025-11-21 20:35:31.038833,코코도리,4,서비스 굿
2025-11-21 20:35:31.038834,코코도리,5,자주 방문할게요
2025-11-21 20:35:31.038835,타이 인 플레이트,5,혜택 적용 잘 받았어요
2025-11-21 20:35:31.038836,타이 인 플레이트,4,가성비 최고
2025-11-21 20:35:31.038837,타이 인 플레이트,5,매우 만족합니다.
2025-11-21 20:35:31.038838,타이 인 플레이트,5,사장님 친절해요
2025-11-21 20:35:31.038839,타이 인 플레이트,4,또 오고 싶어요
2025-11-21 20:35:31.038840,타이 인 플레이트,5,서비스 굿
2025-11-21 20:35:31.038841,타이 인 플레이트,5,자주 방문할게요
2025-11-21 20:35:31.038842,타이 인 플레이트,4,평범했어요
2025-11-21 20:35:31.038843,타이 인 플레이트,5,혜택 적용 잘 받았어요
2025-11-21 20:35:31.038844,타이 인 플레이트,5,가성비 최고
2025-11-21 20:35:31.038845,타이 인 플레이트,4,매우 만족합니다.
2025-11-21 20:35:31.038846,타이 인 플레이트,5,사장님 친절해요
2025-11-21 20:35:31.038847,타이 인 플레이트,5,또 오고 싶어요
2025-11-21 20:35:31.038848,타이 인 플레이트,4,서비스 굿
2025-11-21 20:35:31.038849,타이 인 플레이트,5,자주 방문할게요
2025-11-21 20:35:31.038850,탄토탄토,5,혜택 적용 잘 받았어요
2025-11-21 20:35:31.038851,탄토탄토,4,가성비 최고
2025-11-21 20:35:31.038852,탄토탄토,5,매우 만족합니다.
2025-11-21 20:35:31.038853,탄토탄토,5,사장님 친절해요
2025-11-21 20:35:31.038854,탄토탄토,4,또 오고 싶어요
2025-11-21 20:35:31.038855,탄토탄토,5,서비스 굿
2025-11-21 20:35:31.038856,탄토탄토,5,자주 방문할게요
2025-11-21 20:35:31.038857,탄토탄토,4,평범했어요
2025-11-21 20:35:31.038858,탄토탄토,5,혜택 적용 잘 받았어요
2025-11-21 20:35:31.038859,탄토탄토,5,가성비 최고
2025-11-21 20:35:31.038860,탄토탄토,4,매우 만족합니다.
2025-11-21 20:35:31.038861,탄토탄토,5,사장님 친절해요
2025-11-21 20:35:31.038862,탄토탄토,5,또 오고 싶어요
2025-11-21 20:35:31.038863,탄토탄토,4,서비스 굿
2025-11-21 20:35:31.038864,탄토탄토,5,자주 방문할게요
2025-11-21 20:35:31.038865,통큰솥뚜껑닭볶음탕 건대점,5,혜택 적용 잘 받았어요
2025-11-21 20:35:31.038866,통큰솥뚜껑닭볶음탕 건대점,4,가성비 최고
2025-11-21 20:35:31.038867,통큰솥뚜껑닭볶음탕 건대점,5,매우 만족합니다.
2025-11-21 20:35:31.038868,통큰솥뚜껑닭볶음탕 건대점,5,사장님 친절해요
2025-11-21 20:35:31.038869,통큰솥뚜껑닭볶음탕 건대점,4,또 오고 싶어요
2025-11-21 20:35:31.038870,통큰솥뚜껑닭볶음탕 건대점,5,서비스 굿
2025-11-21 20:35:31.038871,통큰솥뚜껑닭볶음탕 건대점,5,자주 방문할게요
2025-11-21 20:35:31.038872,통큰솥뚜껑닭볶음탕 건대점,4,평범했어요
2025-11-21 20:35:31.038873,통큰솥뚜껑닭볶음탕 건대점,5,혜택 적용 잘 받았어요
2025-11-21 20:35:31.038874,통큰솥뚜껑닭볶음탕 건대점,5,가성비 최고
2025-11-21 20:35:31.038875,통큰솥뚜껑닭볶음탕 건대점,4,매우 만족합니다.
2025-11-21 20:35:31.038876,통큰솥뚜껑닭볶음탕 건대점,5,사장님 친절해요
2025-11-21 20:35:31.038877,통큰솥뚜껑닭볶음탕 건대점,5,또 오고 싶어요
2025-11-21 20:35:31.038878,통큰솥뚜껑닭볶음탕 건대점,4,서비스 굿
2025-11-21 20:35:31.038879,통큰솥뚜껑닭볶음탕 건대점,5,자주 방문할게요
2025-11-21 20:35:31.038880,트라타 건국대점,5,혜택 적용 잘 받았어요
2025-11-21 20:35:31.038881,트라타 건국대점,4,가성비 최고
2025-11-21 20:35:31.038882,트라타 건국대점,5,매우 만족합니다.
2025-11-21 20:35:31.038883,트라타 건국대점,5,사장님 친절해요
2025-11-21 20:35:31.038884,트라타 건국대점,4,또 오고 싶어요
2025-11-21 20:35:31.038885,트라타 건국대점,5,서비스 굿
2025-11-21 20:35:31.038886,트라타 건국대점,5,자주 방문할게요
2025-11-21 20:35:31.038887,트라타 건국대점,4,평범했어요
2025-11-21 20:35:31.038888,트라타 건국대점,5,혜택 적용 잘 받았어요
2025-11-21 20:35:31.038889,트라타 건국대점,5,가성비 최고
2025-11-21 20:35:31.038890,트라타 건국대점,4,매우 만족합니다.
2025-11-21 20:35:31.038891,트라타 건국대점,5,사장님 친절해요
2025-11-21 20:35:31.038892,트라타 건국대점,5,또 오고 싶어요
2025-11-21 20:35:31.038893,트라타 건국대점,4,서비스 굿
2025-11-21 20:35:31.038894,트라타 건국대점,5,자주 방문할게요
2025-11-21 20:35:31.038895,푸라닭 화양점,5,혜택 적용 잘 받았어요
2025-11-21 20:35:31.038896,푸라닭 화양점,4,가성비 최고
2025-11-21 20:35:31.038897,푸라닭 화양점,5,매우 만족합니다.
2025-11-21 20:35:31.038898,푸라닭 화양점,5,사장님 친절해요
2025-11-21 20:35:31.038899,푸라닭 화양점,4,또 오고 싶어요
2025-11-21 20:35:31.038900,푸라닭 화양점,5,서비스 굿
2025-11-21 20:35:31.038901,푸라닭 화양점,5,자주 방문할게요
2025-11-21 20:35:31.038902,푸라닭 화양점,4,평범했어요
2025-11-21 20:35:31.038903,푸라닭 화양점,5,혜택 적용 잘 받았어요
2025-11-21 20:35:31.038904,푸라닭 화양점,5,가성비 최고
2025-11-21 20:35:31.038905,푸라닭 화양점,4,매우 만족합니다.
2025-11-21 20:35:31.038906,푸라닭 화양점,5,사장님 친절해요
2025-11-21 20:35:31.038907,푸라닭 화양점,5,또 오고 싶어요
2025-11-21 20:35:31.038908,푸라닭 화양점,4,서비스 굿
2025-11-21 20:35:31.038909,푸라닭 화양점,5,자주 방문할게요
2025-11-21 20:35:31.038910,푸로운,5,혜택 적용 잘 받았어요
2025-11-21 20:35:31.038911,푸로운,4,가성비 최고
2025-11-21 20:35:31.038912,푸로운,5,매우 만족합니다.
2025-11-21 20:35:31.038913,푸로운,5,사장님 친절해요
2025-11-21 20:35:31.038914,푸로운,4,또 오고 싶어요
2025-11-21 20:35:31.038915,푸로운,5,서비스 굿
2025-11-21 20:35:31.038916,푸로운,5,자주 방문할게요
2025-11-21 20:35:31.038917,푸로운,4,평범했어요
2025-11-21 20:35:31.038918,푸로운,5,혜택 적용 잘 받았어요
2025-11-21 20:35:31.038919,푸로운,5,가성비 최고
2025-11-21 20:35:31.038920,푸로운,4,매우 만족합니다.
2025-11-21 20:35:31.038921,푸로운,5,사장님 친절해요
2025-11-21 20:35:31.038922,푸로운,5,또 오고 싶어요
2025-11-21 20:35:31.038923,푸로운,4,서비스 굿
2025-11-21 20:35:31.038924,푸로운,5,자주 방문할게요
2025-11-21 20:35:31.038925,한해,5,혜택 적용 잘 받았어요
2025-11-21 20:35:31.038926,한해,4,가성비 최고
2025-11-21 20:35:31.038927,한해,5,매우 만족합니다.
2025-11-21 20:35:31.038928,한해,5,사장님 친절해요
2025-11-21 20:35:31.038929,한해,4,또 오고 싶어요
2025-11-21 20:35:31.038930,한해,5,서비스 굿
2025-11-21 20:35:31.038931,한해,5,자주 방문할게요
2025-11-21 20:35:31.038932,한해,4,평범했어요
2025-11-21 20:35:31.038933,한해,5,혜택 적용 잘 받았어요
2025-11-21 20:35:31.038934,한해,5,가성비 최고
2025-11-21 20:35:31.038935,한해,4,매우 만족합니다.
2025-11-21 20:35:31.038936,한해,5,사장님 친절해요
2025-11-21 20:35:31.038937,한해,5,또 오고 싶어요
2025-11-21 20:35:31.038938,한해,4,서비스 굿
2025-11-21 20:35:31.038939,한해,5,자주 방문할게요
2025-11-21 20:35:31.038940,홍콩,5,혜택 적용 잘 받았어요
2025-11-21 20:35:31.038941,홍콩,4,가성비 최고
2025-11-21 20:35:31.038942,홍콩,5,매우 만족합니다.
2025-11-21 20:35:31.038943,홍콩,5,사장님 친절해요
2025-11-21 20:35:31.038944,홍콩,4,또 오고 싶어요
2025-11-21 20:35:31.038945,홍콩,5,서비스 굿
2025-11-21 20:35:31.038946,홍콩,5,자주 방문할게요
2025-11-21 20:35:31.038947,홍콩,4,평범했어요
2025-11-21 20:35:31.038948,홍콩,5,혜택 적용 잘 받았어요
2025-11-21 20:35:31.038949,홍콩,5,가성비 최고
2025-11-21 20:35:31.038950,홍콩,4,매우 만족합니다.
2025-11-21 20:35:31.038951,홍콩,5,사장님 친절해요
2025-11-21 20:35:31.038952,홍콩,5,또 오고 싶어요
2025-11-21 20:35:31.038953,홍콩,4,서비스 굿
2025-11-21 20:35:31.038954,홍콩,5,자주 방문할게요
2025-11-21 20:35:31.038955,겨울나그네레스토랑,5,혜택 적용 잘 받았어요
2025-11-21 20:35:31.038956,겨울나그네레스토랑,4,가성비 최고
2025-11-21 20:35:31.038957,겨울나그네레스토랑,5,매우 만족합니다.
2025-11-21 20:35:31.038958,겨울나그네레스토랑,5,사장님 친절해요
2025-11-21 20:35:31.038959,겨울나그네레스토랑,4,또 오고 싶어요
2025-11-21 20:35:31.038960,겨울나그네레스토랑,5,서비스 굿
2025-11-21 20:35:31.038961,겨울나그네레스토랑,5,자주 방문할게요
2025-11-21 20:35:31.038962,겨울나그네레스토랑,4,평범했어요
202
